Date,Open,High,Low,Close
2016-10-14,5518.30,5531.50,5514.70,5518.50
2016-10-13,5555.20,5555.20,5505.40,5518.30
2016-10-12,5562.20,5562.20,5516.60,5555.20
2016-10-11,5555.50,5578.90,5555.50,5562.20
2016-10-10,5548.50,5574.60,5548.50,5555.50	
2016-10-07,5564.80,5573.90,5539.50,5548.50
2016-10-06,5537.00,5567.60,5537.00,5564.80
2016-10-05,5569.90,5569.90,5525.50,5537.00
2016-10-04,5564.80,5569.90,5535.30,5569.90
2016-10-03,5525.20,5578.90,5525.20,5564.80
2016-09-30,5558.20,5558.20,5506.80,5525.20
2016-09-29,5500.20,5560.70,5500.20,5558.20
2016-09-28,5493.70,5521.00,5487.50,5500.20
2016-09-27,5519.10,5519.10,5462.10,5493.70
2016-09-26,5518.60,5523.40,5496.40,5519.10
2016-09-23,5466.299805,5521.899902,5465.600098,5518.600098
2016-09-22,5429.399902,5482.700195,5429.399902,5466.299805
2016-09-21,5397.299805,5435.200195,5397.299805,5429.399902
2016-09-20,5393.700195,5406.700195,5372.899902,5397.299805
2016-09-19,5396.700195,5400.100098,5374.899902,5393.700195
2016-09-16,5337.100098,5403.399902,5337.100098,5396.700195
2016-09-15,5326.600098,5339.200195,5303.399902,5337.100098
2016-09-14,5310.0,5329.799805,5294.100098,5326.600098
2016-09-13,5319.100098,5375.0,5309.700195,5310.0
2016-09-12,5440.5,5440.5,5315.0,5319.100098
2016-09-09,5484.600098,5484.600098,5434.399902,5440.5
2016-09-08,5521.100098,5521.100098,5457.600098,5484.600098
2016-09-07,5510.399902,5537.100098,5509.100098,5521.100098
2016-09-06,5524.399902,5525.200195,5501.399902,5510.399902
2016-09-05,5470.600098,5525.799805,5470.600098,5524.399902
2016-09-02,5511.200195,5516.100098,5460.899902,5470.600098
2016-09-01,5529.399902,5529.399902,5501.600098,5511.200195
2016-08-31,5573.5,5573.5,5510.200195,5529.399902
2016-08-30,5561.5,5596.0,5561.5,5573.5
2016-08-29,5607.399902,5608.5,5545.399902,5561.5
2016-08-26,5631.399902,5633.5,5603.899902,5607.399902
2016-08-25,5653.600098,5653.600098,5625.700195,5631.399902
2016-08-24,5647.100098,5662.600098,5645.5,5653.600098
2016-08-23,5612.299805,5666.5,5612.299805,5647.100098
2016-08-22,5625.399902,5634.600098,5606.200195,5612.299805
2016-08-19,5607.299805,5631.200195,5604.899902,5625.399902
2016-08-18,5628.100098,5639.600098,5596.299805,5607.299805
2016-08-17,5625.700195,5630.799805,5602.399902,5628.100098
2016-08-16,5633.799805,5642.299805,5624.200195,5625.700195
2016-08-15,5626.299805,5638.700195,5607.700195,5633.799805
2016-08-12,5599.399902,5641.5,5599.399902,5626.299805
2016-08-11,5628.200195,5628.200195,5575.700195,5599.399902
2016-08-10,5636.700195,5636.700195,5598.200195,5628.200195
2016-08-09,5625.700195,5638.700195,5622.399902,5636.700195
2016-08-08,5585.600098,5635.0,5585.600098,5625.700195
2016-08-05,5563.399902,5599.600098,5563.399902,5585.600098
2016-08-04,5551.399902,5593.899902,5551.399902,5563.399902
2016-08-03,5621.0,5621.0,5551.399902,5551.399902
2016-08-02,5670.100098,5673.299805,5621.200195,5622.100098
2016-08-01,5644.0,5691.799805,5644.0,5670.100098
2016-07-29,5636.700195,5650.799805,5618.899902,5644.0
2016-07-28,5615.0,5643.0,5614.700195,5636.700195
2016-07-27,5612.600098,5639.799805,5606.299805,5615.0
2016-07-26,5604.5,5612.600098,5574.299805,5612.600098
2016-07-25,5574.299805,5623.100098,5574.299805,5607.5
2016-07-22,5589.0,5589.100098,5555.100098,5574.299805
2016-07-21,5565.899902,5606.600098,5565.899902,5588.700195
2016-07-20,5533.899902,5565.899902,5519.399902,5565.899902
2016-07-19,5538.899902,5548.200195,5516.799805,5533.899902
2016-07-18,5510.100098,5542.299805,5509.799805,5538.899902
2016-07-15,5491.799805,5531.200195,5491.799805,5510.100098
2016-07-14,5470.299805,5496.799805,5468.200195,5491.799805
2016-07-13,5433.200195,5473.600098,5433.200195,5470.299805
2016-07-12,5417.5,5469.799805,5417.5,5433.200195
2016-07-11,5315.600098,5417.5,5315.600098,5417.5
2016-07-08,5311.0,5322.200195,5301.600098,5315.600098
2016-07-07,5284.700195,5329.299805,5284.700195,5311.0
2016-07-06,5312.799805,5312.799805,5237.799805,5284.700195
2016-07-05,5365.200195,5365.899902,5306.899902,5312.799805
2016-07-04,5327.100098,5365.200195,5303.100098,5365.200195
2016-07-01,5310.399902,5356.5,5310.399902,5327.0
2016-06-30,5221.0,5324.399902,5221.0,5310.399902
2016-06-29,5179.700195,5232.899902,5179.700195,5221.0
2016-06-28,5216.200195,5216.200195,5131.899902,5179.700195
2016-06-27,5192.799805,5233.700195,5132.799805,5216.200195
2016-06-24,5358.600098,5402.200195,5163.700195,5192.799805
2016-06-23,5349.600098,5369.600098,5347.5,5358.600098
2016-06-22,5353.299805,5374.799805,5339.399902,5349.5
2016-06-21,5335.600098,5366.899902,5330.399902,5353.299805
2016-06-20,5248.299805,5335.600098,5248.299805,5335.600098
2016-06-17,5231.700195,5261.700195,5231.700195,5248.299805
2016-06-16,5230.399902,5282.700195,5226.899902,5231.700195
2016-06-15,5282.5,5282.5,5230.399902,5230.399902
2016-06-14,5391.600098,5391.600098,5277.799805,5282.5
2016-06-10,5437.399902,5437.399902,5374.399902,5391.600098
2016-06-09,5441.100098,5459.600098,5412.600098,5437.399902
2016-06-08,5441.0,5446.299805,5409.299805,5441.100098
2016-06-07,5430.799805,5461.0,5430.600098,5441.0
2016-06-06,5392.5,5445.200195,5391.600098,5431.0
2016-06-03,5354.200195,5397.5,5354.200195,5392.5
2016-06-02,5395.200195,5400.899902,5346.799805,5354.200195
2016-06-01,5447.799805,5447.799805,5379.799805,5395.200195
2016-05-31,5473.600098,5473.600098,5433.399902,5447.799805
2016-05-30,5469.700195,5479.200195,5456.700195,5473.600098
2016-05-27,5451.899902,5489.799805,5451.899902,5469.700195
2016-05-26,5436.799805,5466.200195,5420.100098,5451.899902
2016-05-25,5361.899902,5457.299805,5361.899902,5436.799805
2016-05-24,5384.899902,5388.899902,5361.899902,5361.899902
2016-05-23,5415.200195,5428.5,5364.100098,5384.899902
2016-05-20,5385.600098,5428.399902,5383.0,5415.200195
2016-05-19,5420.5,5433.100098,5367.5,5385.600098
2016-05-18,5458.5,5458.5,5411.700195,5420.5
2016-05-17,5420.299805,5458.5,5420.299805,5458.5
2016-05-16,5396.299805,5434.200195,5387.799805,5420.299805
2016-05-13,5423.399902,5436.799805,5377.899902,5396.299805
2016-05-12,5434.799805,5435.700195,5403.299805,5423.399902
2016-05-11,5403.899902,5483.700195,5403.899902,5434.799805
2016-05-10,5387.799805,5404.100098,5354.200195,5403.899902
2016-05-09,5358.600098,5387.799805,5334.799805,5387.799805
2016-05-06,5344.5,5358.600098,5270.200195,5358.600098
2016-05-05,5335.600098,5356.700195,5316.600098,5344.5
2016-05-04,5415.0,5415.0,5335.600098,5335.600098
2016-05-03,5312.0,5418.299805,5289.100098,5415.0
2016-05-02,5316.0,5316.0,5253.200195,5312.0
2016-04-29,5289.399902,5320.100098,5276.299805,5316.0
2016-04-28,5250.899902,5301.799805,5250.899902,5289.399902
2016-04-27,5283.600098,5342.899902,5246.0,5250.899902
2016-04-26,5299.200195,5309.5,5275.399902,5283.600098
2016-04-22,5336.399902,5336.399902,5292.200195,5299.200195
2016-04-21,5281.200195,5342.399902,5281.200195,5336.399902
2016-04-20,5254.700195,5297.299805,5254.700195,5281.200195
2016-04-19,5204.899902,5281.899902,5204.899902,5254.700195
2016-04-18,5224.100098,5225.0,5188.0,5204.899902
2016-04-15,5187.600098,5224.100098,5182.299805,5224.100098
2016-04-14,5127.200195,5187.700195,5127.200195,5187.700195
2016-04-13,5053.700195,5127.200195,5053.700195,5127.200195
2016-04-12,5013.200195,5055.700195,5009.600098,5053.700195
2016-04-11,5018.0,5024.700195,4993.799805,5013.200195
2016-04-08,5039.5,5039.5,4975.700195,5018.0
2016-04-07,5024.600098,5062.0,5024.0,5042.299805
2016-04-06,5000.399902,5035.399902,4985.200195,5024.600098
2016-04-05,5070.100098,5070.100098,4986.700195,5000.399902
2016-04-04,5073.799805,5118.299805,5070.100098,5070.100098
2016-04-01,5151.799805,5151.799805,5051.200195,5073.799805
2016-03-31,5081.600098,5166.100098,5081.600098,5151.799805
2016-03-30,5076.200195,5127.899902,5062.200195,5081.5
2016-03-29,5151.600098,5163.700195,5070.399902,5076.200195
2016-03-24,5197.899902,5197.899902,5137.299805,5151.600098
2016-03-23,5230.799805,5230.799805,5190.200195,5204.299805
2016-03-22,5220.700195,5242.399902,5215.299805,5230.799805
2016-03-21,5239.299805,5253.399902,5208.200195,5224.899902
2016-03-18,5226.399902,5272.100098,5226.399902,5239.299805
2016-03-17,5175.700195,5249.5,5175.700195,5226.399902
2016-03-16,5168.600098,5179.899902,5147.399902,5175.700195
2016-03-15,5242.399902,5242.399902,5163.899902,5168.600098
2016-03-14,5224.799805,5269.5,5224.799805,5242.399902
2016-03-11,5210.899902,5239.299805,5180.899902,5224.799805
2016-03-10,5215.700195,5235.700195,5210.700195,5210.899902
2016-03-09,5169.5,5215.700195,5143.600098,5215.700195
2016-03-08,5204.700195,5245.0,5165.799805,5169.5
2016-03-07,5151.100098,5211.299805,5151.100098,5204.700195
2016-03-04,5142.200195,5164.600098,5140.799805,5151.100098
2016-03-03,5083.5,5142.200195,5083.5,5142.200195
2016-03-02,4989.600098,5107.200195,4989.600098,5083.5
2016-03-01,4947.899902,4997.100098,4936.600098,4989.600098
2016-02-29,4945.100098,4989.0,4945.100098,4947.899902
2016-02-26,4944.700195,4961.299805,4905.5,4945.100098
2016-02-25,4943.299805,4969.200195,4914.0,4944.700195
2016-02-24,5039.100098,5039.100098,4930.700195,4943.299805
2016-02-23,5056.600098,5090.100098,5029.700195,5039.100098
2016-02-22,5008.299805,5062.399902,5005.299805,5056.600098
2016-02-19,5047.100098,5047.100098,4993.5,5008.299805
2016-02-18,4938.600098,5047.100098,4938.600098,5047.100098
2016-02-17,4961.600098,4979.700195,4926.299805,4938.399902
2016-02-16,4893.399902,4961.600098,4869.700195,4961.600098
2016-02-15,4816.600098,4901.399902,4816.600098,4893.399902
2016-02-12,4870.899902,4870.899902,4813.200195,4816.600098
2016-02-11,4826.5,4870.899902,4823.100098,4870.899902
2016-02-10,4882.600098,4901.299805,4762.100098,4826.5
2016-02-09,5022.100098,5022.100098,4878.0,4882.600098
2016-02-08,5025.600098,5026.5,4975.799805,5022.100098
2016-02-05,5029.299805,5031.700195,4982.100098,5025.600098
2016-02-04,4930.799805,5037.899902,4930.799805,5029.299805
2016-02-03,5044.0,5044.0,4927.799805,4930.799805
2016-02-02,5094.299805,5096.200195,5033.5,5044.0
2016-02-01,5056.600098,5122.100098,5056.600098,5094.299805
2016-01-29,5028.100098,5059.5,5002.700195,5056.600098
2016-01-28,5000.799805,5040.0,4964.100098,5028.100098
2016-01-27,5057.100098,5059.799805,4992.799805,5000.799805
2016-01-25,4969.600098,5057.100098,4969.600098,5057.100098
2016-01-22,4935.5,4984.0,4917.600098,4969.600098
2016-01-21,4896.899902,4979.200195,4896.899902,4917.600098
2016-01-20,4955.100098,4982.299805,4893.299805,4896.899902
2016-01-19,4910.5,4955.100098,4894.200195,4955.100098
2016-01-18,4925.799805,4948.5,4857.899902,4911.799805
2016-01-15,4982.899902,5048.899902,4927.100098,4948.5
2016-01-14,5041.600098,5041.600098,4922.0,4964.100098
2016-01-13,4982.200195,5046.100098,4982.200195,5041.600098
2016-01-12,4990.700195,5039.899902,4967.799805,4982.200195
2016-01-11,5049.399902,5049.399902,4941.299805,4990.700195
2016-01-08,5068.799805,5087.799805,5000.399902,5049.399902
2016-01-07,5178.0,5179.100098,5055.399902,5068.799805
2016-01-06,5239.200195,5245.100098,5151.299805,5178.0
2016-01-05,5322.799805,5322.799805,5239.200195,5239.200195
2016-01-04,5344.600098,5379.600098,5316.5,5322.799805
2015-12-31,5366.399902,5372.0,5344.600098,5344.600098
2015-12-30,5315.600098,5370.200195,5315.600098,5366.399902
2015-12-29,5256.100098,5315.600098,5239.0,5315.600098
2015-12-24,5193.5,5259.299805,5193.5,5256.100098
2015-12-23,5167.700195,5218.700195,5167.700195,5193.5
2015-12-22,5157.799805,5207.799805,5154.299805,5167.700195
2015-12-21,5156.5,5175.600098,5126.100098,5157.799805
2015-12-18,5150.600098,5162.299805,5079.799805,5156.5
2015-12-17,5078.700195,5176.100098,5078.700195,5150.600098
2015-12-16,4963.899902,5078.700195,4963.899902,5078.700195
2015-12-15,4981.899902,5023.100098,4963.899902,4963.899902
2015-12-14,5078.600098,5078.600098,4981.700195,4981.899902
2015-12-11,5087.5,5116.899902,5067.700195,5078.600098
2015-12-10,5129.899902,5132.700195,5048.399902,5087.5
2015-12-09,5158.0,5166.700195,5120.700195,5129.899902
2015-12-08,5205.899902,5205.899902,5148.0,5158.0
2015-12-07,5201.5,5279.100098,5201.5,5205.899902
2015-12-04,5276.700195,5276.700195,5168.899902,5201.5
2015-12-03,5304.700195,5304.700195,5249.200195,5276.700195
2015-12-02,5312.600098,5315.600098,5285.5,5304.700195
2015-12-01,5218.200195,5325.5,5218.200195,5312.600098
2015-11-30,5251.399902,5261.600098,5217.100098,5218.200195
2015-11-27,5259.700195,5305.799805,5244.799805,5251.399902
2015-11-26,5245.200195,5302.200195,5238.0,5259.700195
2015-11-25,5277.0,5282.600098,5244.399902,5245.200195
2015-11-24,5326.5,5326.5,5277.0,5277.0
2015-11-23,5305.5,5334.5,5295.899902,5326.5
2015-11-20,5293.299805,5321.100098,5282.799805,5305.5
2015-11-19,5293.299805,5293.299805,5293.299805,5293.299805
2015-11-18,5174.299805,5200.200195,5141.299805,5189.100098
2015-11-17,5064.5,5174.299805,5064.5,5174.299805
2015-11-16,5111.799805,5111.799805,5041.600098,5064.5
2015-11-13,5182.200195,5182.200195,5071.799805,5111.799805
2015-11-12,5181.100098,5204.200195,5143.100098,5182.200195
2015-11-11,5157.700195,5188.5,5153.200195,5181.100098
2015-11-10,5180.299805,5180.299805,5109.200195,5157.700195
2015-11-09,5269.700195,5269.700195,5164.700195,5180.299805
2015-11-06,5239.799805,5271.0,5210.0,5269.700195
2015-11-05,5294.799805,5299.399902,5223.200195,5247.899902
2015-11-04,5291.200195,5361.399902,5288.200195,5294.799805
2015-11-03,5221.299805,5298.0,5221.299805,5291.200195
2015-11-02,5288.600098,5299.200195,5218.200195,5221.299805
2015-10-30,5310.200195,5310.799805,5253.0,5288.600098
2015-10-29,5374.399902,5392.200195,5301.700195,5310.200195
2015-10-28,5384.600098,5392.899902,5358.799805,5374.399902
2015-10-27,5386.299805,5393.5,5378.399902,5384.600098
2015-10-26,5388.100098,5420.600098,5385.0,5386.299805
2015-10-23,5299.600098,5407.700195,5299.600098,5388.100098
2015-10-22,5286.5,5300.299805,5256.399902,5299.600098
2015-10-21,5271.600098,5296.799805,5236.100098,5286.5
2015-10-20,5304.600098,5304.600098,5265.100098,5271.600098
2015-10-19,5303.700195,5328.200195,5290.299805,5304.600098
2015-10-16,5265.600098,5329.200195,5265.600098,5303.700195
2015-10-15,5230.399902,5273.200195,5230.399902,5265.600098
2015-10-14,5234.600098,5234.600098,5198.799805,5230.399902
2015-10-13,5267.399902,5267.399902,5207.200195,5234.600098
2015-10-12,5309.200195,5309.200195,5260.299805,5267.399902
2015-10-09,5241.399902,5311.5,5241.399902,5309.200195
2015-10-08,5228.399902,5284.700195,5228.399902,5241.399902
2015-10-07,5199.0,5228.399902,5171.100098,5228.399902
2015-10-06,5184.600098,5249.5,5184.600098,5199.0
2015-10-05,5089.200195,5186.700195,5089.200195,5184.100098
2015-10-02,5144.100098,5150.700195,5080.299805,5089.200195
2015-10-01,5058.600098,5147.899902,5058.600098,5144.100098
2015-09-30,4958.100098,5058.600098,4958.100098,5058.600098
2015-09-29,5132.0,5132.0,4958.100098,4958.100098
2015-09-28,5076.700195,5145.100098,5065.899902,5145.100098
2015-09-25,5102.299805,5145.0,5069.700195,5076.700195
2015-09-24,5032.5,5102.299805,5032.5,5102.299805
2015-09-23,5130.799805,5130.799805,5022.899902,5032.5
2015-09-22,5096.399902,5153.299805,5096.399902,5130.799805
2015-09-21,5194.299805,5194.299805,5059.200195,5096.399902
2015-09-18,5171.200195,5218.299805,5121.200195,5194.299805
2015-09-17,5123.600098,5215.200195,5123.600098,5171.200195
2015-09-16,5046.600098,5123.600098,5046.600098,5123.600098
2015-09-15,5120.5,5126.899902,5045.600098,5046.600098
2015-09-14,5096.299805,5154.0,5093.399902,5120.5
2015-09-11,5117.0,5137.5,5079.100098,5096.299805
2015-09-10,5236.899902,5236.899902,5109.299805,5117.0
2015-09-09,5133.5,5236.899902,5133.5,5236.899902
2015-09-08,5051.0,5133.5,5051.0,5133.5
2015-09-07,5060.799805,5065.5,4996.600098,5051.0
2015-09-04,5056.299805,5088.100098,5017.299805,5060.799805
2015-09-03,5119.399902,5190.700195,5048.600098,5048.700195
2015-09-02,5117.100098,5120.600098,5037.0,5119.399902
2015-09-01,5222.100098,5228.399902,5111.799805,5117.100098
2015-08-31,5274.700195,5274.700195,5176.600098,5222.100098
2015-08-28,5242.600098,5314.5,5241.5,5274.700195
2015-08-27,5178.899902,5284.600098,5178.899902,5242.600098
2015-08-26,5143.799805,5185.100098,5062.0,5178.899902
2015-08-25,5014.200195,5155.299805,4936.299805,5143.799805
2015-08-24,5218.600098,5218.600098,5014.200195,5014.200195
2015-08-21,5295.5,5295.5,5183.399902,5224.799805
2015-08-20,5379.799805,5379.799805,5283.399902,5295.5
2015-08-19,5309.399902,5382.5,5309.399902,5379.799805
2015-08-18,5368.600098,5388.899902,5309.399902,5309.399902
2015-08-17,5360.0,5398.100098,5360.0,5368.600098
2015-08-14,5389.0,5402.700195,5355.0,5360.0
2015-08-13,5383.5,5425.0,5383.5,5389.0
2015-08-12,5473.100098,5479.0,5367.799805,5383.5
2015-08-11,5516.399902,5537.5,5461.799805,5473.100098
2015-08-10,5472.299805,5508.100098,5456.799805,5504.899902
2015-08-07,5600.100098,5600.100098,5472.299805,5472.299805
2015-08-06,5659.5,5659.5,5580.100098,5600.100098
2015-08-05,5681.899902,5684.200195,5628.0,5659.5
2015-08-04,5664.299805,5710.799805,5645.700195,5681.899902
2015-08-03,5681.700195,5686.600098,5656.0,5664.299805
2015-07-31,5653.100098,5682.700195,5653.100098,5681.700195
2015-07-30,5609.600098,5659.399902,5609.600098,5653.100098
2015-07-29,5571.0,5634.5,5571.0,5609.600098
2015-07-28,5579.100098,5592.299805,5519.799805,5571.0
2015-07-27,5556.600098,5579.200195,5529.100098,5579.200195
2015-07-24,5581.299805,5595.5,5539.0,5556.799805
2015-07-23,5603.5,5607.0,5577.200195,5581.299805
2015-07-22,5688.5,5688.5,5602.700195,5603.5
2015-07-21,5669.0,5699.299805,5669.0,5688.5
2015-07-20,5652.5,5670.299805,5636.299805,5669.0
2015-07-17,5649.799805,5668.700195,5630.5,5652.5
2015-07-16,5619.0,5672.100098,5619.0,5649.799805
2015-07-15,5561.899902,5619.899902,5561.600098,5609.700195
2015-07-14,5460.399902,5570.799805,5460.399902,5561.899902
2015-07-13,5478.100098,5525.899902,5439.899902,5460.399902
2015-07-10,5458.799805,5512.399902,5458.799805,5478.100098
2015-07-09,5456.5,5475.0,5372.399902,5472.799805
2015-07-08,5564.0,5564.0,5456.5,5456.5
2015-07-07,5463.299805,5558.700195,5463.299805,5555.5
2015-07-06,5528.0,5528.0,5428.799805,5463.299805
2015-07-03,5587.899902,5588.0,5483.100098,5528.0
2015-07-02,5506.100098,5596.600098,5503.799805,5587.899902
2015-07-01,5448.100098,5506.0,5445.600098,5506.0
2015-06-30,5416.600098,5457.700195,5383.399902,5451.200195
2015-06-29,5536.100098,5536.100098,5408.600098,5413.100098
2015-06-26,5619.899902,5619.899902,5515.200195,5536.100098
2015-06-25,5672.700195,5672.700195,5619.899902,5619.899902
2015-06-24,5671.399902,5690.200195,5666.600098,5672.700195
2015-06-23,5603.100098,5679.600098,5603.100098,5671.399902
2015-06-22,5591.5,5606.5,5564.399902,5603.100098
2015-06-19,5522.700195,5606.100098,5522.700195,5591.5
2015-06-18,5590.299805,5590.299805,5501.899902,5522.700195
2015-06-17,5535.200195,5602.200195,5535.200195,5590.299805
2015-06-16,5541.5,5573.5,5530.700195,5535.200195
2015-06-15,5552.100098,5552.100098,5501.700195,5541.5
2015-06-12,5562.600098,5562.600098,5536.399902,5552.100098
2015-06-11,5486.0,5562.600098,5486.0,5562.600098
2015-06-10,5479.700195,5492.600098,5463.0,5486.0
2015-06-09,5506.5,5529.700195,5476.5,5479.700195
2015-06-05,5511.299805,5535.399902,5479.700195,5506.5
2015-06-04,5588.299805,5606.600098,5511.299805,5511.299805
2015-06-03,5639.899902,5643.799805,5581.0,5588.299805
2015-06-02,5734.0,5752.299805,5639.899902,5639.899902
2015-06-01,5774.899902,5774.899902,5685.600098,5734.0
2015-05-29,5714.600098,5798.799805,5714.600098,5774.899902
2015-05-28,5724.200195,5744.600098,5694.700195,5714.600098
2015-05-27,5770.399902,5770.399902,5715.100098,5724.200195
2015-05-26,5719.899902,5771.5,5719.899902,5770.399902
2015-05-25,5668.200195,5731.899902,5668.200195,5719.899902
2015-05-22,5663.600098,5693.100098,5658.600098,5668.200195
2015-05-21,5614.0,5667.299805,5614.0,5663.600098
2015-05-20,5619.399902,5627.700195,5580.399902,5614.0
2015-05-19,5659.799805,5673.100098,5615.5,5619.399902
2015-05-18,5730.0,5731.200195,5660.0,5660.0
2015-05-15,5692.5,5741.399902,5692.5,5730.0
2015-05-14,5715.100098,5715.100098,5663.5,5696.600098
2015-05-13,5673.100098,5712.799805,5668.299805,5710.799805
2015-05-12,5629.700195,5681.899902,5619.0,5673.100098
2015-05-11,5635.399902,5697.5,5626.0,5627.600098
2015-05-08,5644.799805,5685.899902,5635.399902,5635.399902
2015-05-07,5690.899902,5690.899902,5609.799805,5644.799805
2015-05-06,5816.200195,5816.200195,5690.899902,5690.899902
2015-05-05,5815.899902,5886.200195,5793.399902,5816.200195
2015-05-04,5798.799805,5832.299805,5782.100098,5815.899902
2015-05-01,5773.700195,5808.100098,5753.399902,5798.799805
2015-04-30,5818.200195,5818.200195,5734.700195,5773.700195
2015-04-29,5921.5,5921.5,5818.200195,5818.200195
2015-04-28,5954.799805,5956.600098,5921.5,5921.5
2015-04-27,5906.799805,5956.899902,5906.799805,5954.799805
2015-04-24,5820.299805,5907.700195,5820.299805,5906.799805
2015-04-23,5812.799805,5824.100098,5802.200195,5820.299805
2015-04-22,5844.0,5846.299805,5794.899902,5812.799805
2015-04-21,5806.799805,5858.600098,5806.799805,5844.0
2015-04-20,5851.5,5851.5,5783.700195,5806.799805
2015-04-17,5917.600098,5917.600098,5843.899902,5851.5
2015-04-16,5877.299805,5939.299805,5877.299805,5917.600098
2015-04-15,5916.200195,5927.799805,5864.299805,5877.299805
2015-04-14,5928.100098,5928.100098,5898.600098,5916.200195
2015-04-13,5935.399902,5963.5,5926.899902,5928.100098
2015-04-10,5901.5,5935.399902,5896.5,5935.399902
2015-04-09,5928.299805,5931.100098,5899.799805,5901.5
2015-04-08,5893.200195,5940.5,5893.200195,5928.299805
2015-04-07,5869.700195,5947.799805,5868.100098,5893.200195
2015-04-02,5832.899902,5877.799805,5832.899902,5869.700195
2015-04-01,5861.899902,5861.899902,5817.700195,5832.899902
2015-03-31,5816.299805,5898.100098,5816.299805,5861.899902
2015-03-30,5888.899902,5888.899902,5799.799805,5816.299805
2015-03-27,5849.700195,5901.100098,5848.5,5888.899902
2015-03-26,5937.100098,5937.100098,5849.700195,5849.700195
2015-03-25,5934.5,5952.5,5927.100098,5937.100098
2015-03-24,5921.0,5945.700195,5921.0,5934.5
2015-03-23,5936.299805,5956.100098,5915.5,5921.0
2015-03-20,5912.5,5940.0,5892.100098,5936.299805
2015-03-19,5808.0,5913.600098,5808.0,5912.5
2015-03-18,5811.0,5813.5,5757.700195,5808.0
2015-03-17,5769.700195,5831.200195,5769.700195,5811.0
2015-03-16,5788.0,5788.0,5736.0,5769.700195
2015-03-13,5816.0,5821.0,5771.899902,5788.0
2015-03-12,5763.299805,5820.899902,5756.700195,5816.0
2015-03-11,5794.299805,5794.299805,5720.5,5763.299805
2015-03-10,5793.0,5825.299805,5782.100098,5794.299805
2015-03-09,5868.600098,5868.600098,5786.799805,5793.0
2015-03-06,5873.700195,5885.299805,5841.5,5868.600098
2015-03-05,5871.5,5873.700195,5840.399902,5873.700195
2015-03-04,5902.899902,5916.100098,5869.100098,5871.5
2015-03-03,5926.299805,5962.0,5872.799805,5902.899902
2015-03-02,5898.5,5949.299805,5898.5,5926.299805
2015-02-27,5877.899902,5913.0,5847.899902,5898.5
2015-02-26,5908.600098,5908.600098,5869.0,5877.899902
2015-02-25,5890.0,5917.100098,5878.200195,5908.600098
2015-02-24,5872.399902,5894.5,5851.399902,5890.0
2015-02-23,5845.600098,5879.799805,5835.600098,5872.399902
2015-02-20,5869.799805,5876.399902,5837.700195,5845.600098
2015-02-19,5877.899902,5908.299805,5854.799805,5869.799805
2015-02-18,5822.299805,5877.899902,5810.100098,5877.899902
2015-02-17,5849.5,5849.5,5809.100098,5822.299805
2015-02-16,5835.5,5852.299805,5804.0,5849.5
2015-02-13,5707.700195,5850.200195,5707.700195,5835.5
2015-02-12,5731.700195,5752.799805,5704.0,5707.700195
2015-02-11,5757.399902,5777.399902,5721.100098,5731.700195
2015-02-10,5770.100098,5774.0,5739.100098,5757.399902
2015-02-09,5774.700195,5774.700195,5736.600098,5770.100098
2015-02-06,5765.5,5803.0,5764.799805,5774.700195
2015-02-05,5733.700195,5772.299805,5715.200195,5765.5
2015-02-04,5666.200195,5759.200195,5666.200195,5733.700195
2015-02-03,5586.5,5676.100098,5586.5,5666.200195
2015-02-02,5551.600098,5600.0,5551.600098,5586.5
2015-01-30,5532.200195,5579.399902,5532.200195,5551.600098
2015-01-29,5516.600098,5538.100098,5483.0,5532.200195
2015-01-28,5511.5,5522.200195,5486.600098,5516.600098
2015-01-27,5468.200195,5511.5,5464.100098,5511.5
2015-01-26,5390.5,5468.200195,5390.5,5468.200195
2015-01-23,5390.5,5468.200195,5390.5,5468.200195
2015-01-22,5367.399902,5404.200195,5367.399902,5390.5
2015-01-21,5286.799805,5367.399902,5286.799805,5367.399902
2015-01-20,5289.0,5293.299805,5263.5,5286.799805
2015-01-19,5278.799805,5348.899902,5278.799805,5289.0
2015-01-16,5310.600098,5311.799805,5248.5,5278.799805
2015-01-15,5332.200195,5332.200195,5283.899902,5310.600098
2015-01-14,5382.100098,5382.700195,5325.600098,5332.200195
2015-01-13,5399.5,5399.5,5352.299805,5382.100098
2015-01-12,5440.100098,5440.100098,5396.299805,5399.5
2015-01-09,5359.399902,5440.100098,5359.399902,5440.100098
2015-01-08,5334.5,5373.399902,5334.5,5359.399902
2015-01-07,5346.200195,5348.899902,5301.200195,5334.5
2015-01-06,5429.5,5429.5,5321.5,5346.200195
2015-01-05,5415.0,5447.600098,5409.399902,5429.5
2015-01-02,5388.600098,5415.0,5366.399902,5415.0
2014-12-31,5392.299805,5413.299805,5378.100098,5388.600098
2014-12-30,5447.0,5458.299805,5391.299805,5392.299805
2014-12-29,5369.5,5453.200195,5369.5,5447.0
2014-12-24,5356.399902,5372.700195,5343.0,5369.5
2014-12-23,5414.100098,5414.100098,5356.399902,5356.399902
2014-12-22,5312.700195,5414.100098,5312.700195,5414.100098
2014-12-19,5189.700195,5316.399902,5189.700195,5312.700195
2014-12-18,5154.5,5239.399902,5140.600098,5189.700195
2014-12-17,5131.0,5166.100098,5128.700195,5140.600098
2014-12-16,5164.600098,5164.600098,5121.700195,5131.0
2014-12-15,5164.600098,5164.600098,5164.600098,5164.600098
2014-12-12,5207.399902,5218.200195,5182.899902,5196.899902
2014-12-11,5237.100098,5237.100098,5168.399902,5207.399902
2014-12-10,5258.299805,5263.700195,5199.899902,5237.100098
2014-12-09,5258.299805,5258.299805,5258.299805,5258.299805
2014-12-08,5348.299805,5348.299805,5311.200195,5315.600098
2014-12-05,5345.399902,5364.700195,5287.700195,5313.600098
2014-12-04,5345.399902,5345.399902,5345.399902,5345.399902
2014-12-03,5301.200195,5301.200195,5301.200195,5301.200195
2014-12-02,5190.700195,5263.100098,5190.700195,5260.0
2014-12-01,5298.100098,5300.5,5190.700195,5190.700195
2014-11-28,5381.399902,5381.399902,5298.100098,5298.100098
2014-11-27,5377.700195,5379.399902,5377.200195,5379.399902
2014-11-26,5320.899902,5380.299805,5320.899902,5380.299805
2014-11-25,5349.0,5349.0,5286.0,5320.899902
2014-11-24,5292.100098,5363.700195,5292.100098,5349.0
2014-11-21,5302.5,5312.799805,5281.399902,5292.100098
2014-11-20,5352.5,5352.5,5302.399902,5302.5
2014-11-19,5383.100098,5384.0,5350.899902,5352.5
2014-11-18,5396.600098,5414.100098,5372.899902,5383.100098
2014-11-17,5433.799805,5440.399902,5390.200195,5396.600098
2014-11-14,5423.5,5436.700195,5401.799805,5433.799805
2014-11-13,5443.0,5450.5,5415.799805,5423.5
2014-11-12,5494.0,5494.0,5439.5,5443.0
2014-11-11,5501.399902,5510.600098,5486.5,5494.0
2014-11-10,5522.100098,5523.5,5480.5,5501.399902
2014-11-07,5479.200195,5522.100098,5474.299805,5522.100098
2014-11-06,5492.799805,5521.0,5467.600098,5479.200195
2014-11-05,5498.200195,5498.200195,5459.700195,5492.799805
2014-11-04,5485.0,5508.299805,5482.299805,5498.200195
2014-11-03,5505.0,5515.100098,5478.299805,5485.0
2014-10-31,5457.100098,5505.0,5457.100098,5505.0
2014-10-30,5431.100098,5458.799805,5431.100098,5457.100098
2014-10-29,5434.0,5462.600098,5425.600098,5431.100098
2014-10-28,5441.899902,5441.899902,5416.299805,5434.0
2014-10-27,5399.299805,5445.200195,5399.299805,5442.0
2014-10-24,5369.899902,5411.600098,5369.899902,5399.299805
2014-10-23,5373.299805,5376.899902,5353.200195,5369.899902
2014-10-22,5312.5,5375.200195,5312.5,5373.299805
2014-10-21,5307.299805,5331.799805,5300.899902,5312.5
2014-10-20,5260.100098,5328.600098,5260.100098,5307.299805
2014-10-17,5244.299805,5295.799805,5244.299805,5260.100098
2014-10-16,5238.0,5247.600098,5157.0,5244.299805
2014-10-15,5204.0,5246.299805,5203.0,5238.0
2014-10-14,5204.0,5204.0,5204.0,5204.0
2014-10-13,5185.700195,5185.700195,5121.200195,5153.100098
2014-10-10,5293.299805,5293.299805,5185.700195,5185.700195
2014-10-09,5241.600098,5320.700195,5241.600098,5293.299805
2014-10-08,5284.799805,5284.799805,5213.0,5241.600098
2014-10-07,5292.600098,5317.899902,5212.600098,5284.799805
2014-10-06,5315.399902,5318.200195,5277.200195,5292.600098
2014-10-03,5298.5,5316.100098,5282.200195,5315.399902
2014-10-02,5334.5,5334.5,5284.799805,5298.5
2014-10-01,5296.799805,5336.600098,5249.700195,5334.5
2014-09-30,5269.600098,5296.799805,5258.5,5296.799805
2014-09-29,5316.600098,5316.600098,5266.399902,5269.600098
2014-09-26,5374.799805,5374.799805,5312.299805,5316.600098
2014-09-25,5375.899902,5411.299805,5374.399902,5382.399902
2014-09-24,5415.899902,5415.899902,5357.799805,5375.899902
2014-09-23,5368.200195,5422.600098,5343.299805,5415.899902
2014-09-22,5437.399902,5438.100098,5357.100098,5368.200195
2014-09-19,5419.0,5447.0,5419.0,5437.299805
2014-09-18,5411.399902,5434.0,5379.5,5419.0
2014-09-17,5446.200195,5464.200195,5405.299805,5411.399902
2014-09-16,5468.600098,5485.399902,5442.200195,5446.200195
2014-09-15,5532.299805,5532.299805,5475.399902,5475.399902
2014-09-12,5546.899902,5549.100098,5511.899902,5532.299805
2014-09-11,5574.399902,5596.200195,5544.5,5546.899902
2014-09-10,5608.200195,5608.200195,5558.700195,5574.399902
2014-09-09,5578.5,5608.600098,5575.399902,5608.200195
2014-09-08,5598.899902,5602.0,5571.0,5578.899902
2014-09-05,5632.100098,5632.100098,5593.799805,5598.899902
2014-09-04,5654.600098,5656.600098,5620.0,5632.100098
2014-09-03,5656.899902,5670.5,5643.299805,5654.600098
2014-09-02,5629.299805,5656.899902,5618.200195,5656.899902
2014-09-01,5624.600098,5652.200195,5624.600098,5629.299805
2014-08-29,5621.299805,5628.299805,5613.5,5624.600098
2014-08-28,5648.899902,5648.899902,5617.5,5621.299805
2014-08-27,5634.5,5650.5,5634.5,5648.899902
2014-08-26,5632.799805,5644.600098,5624.5,5634.5
2014-08-25,5640.5,5645.600098,5623.799805,5632.799805
2014-08-22,5634.0,5657.200195,5634.0,5640.5
2014-08-21,5629.200195,5672.299805,5629.200195,5634.0
2014-08-20,5618.399902,5633.200195,5601.100098,5629.200195
2014-08-19,5580.600098,5621.200195,5577.600098,5618.399902
2014-08-18,5559.600098,5580.600098,5559.600098,5580.600098
2014-08-15,5542.899902,5571.700195,5539.799805,5559.600098
2014-08-14,5507.899902,5552.0,5507.899902,5542.899902
2014-08-13,5523.100098,5523.100098,5497.5,5507.899902
2014-08-12,5449.399902,5526.100098,5449.399902,5523.100098
2014-08-11,5429.600098,5468.5,5429.600098,5449.399902
2014-08-08,5500.700195,5500.700195,5419.700195,5429.600098
2014-08-07,5504.0,5513.700195,5483.5,5500.700195
2014-08-06,5511.600098,5511.600098,5488.100098,5504.0
2014-08-05,5533.299805,5540.299805,5503.5,5511.5
2014-08-04,5544.600098,5544.600098,5517.299805,5533.299805
2014-08-01,5623.100098,5623.100098,5535.799805,5547.600098
2014-07-31,5615.200195,5633.299805,5611.0,5623.100098
2014-07-30,5580.600098,5623.0,5580.600098,5615.100098
2014-07-29,5569.899902,5586.200195,5560.0,5580.600098
2014-07-28,5574.200195,5578.600098,5551.200195,5569.899902
2014-07-25,5576.799805,5577.600098,5558.700195,5574.200195
2014-07-24,5565.100098,5582.5,5563.700195,5576.799805
2014-07-23,5534.0,5587.700195,5534.0,5567.0
2014-07-22,5528.700195,5535.200195,5520.5,5534.0
2014-07-21,5519.200195,5539.799805,5517.600098,5528.700195
2014-07-18,5509.899902,5519.200195,5472.899902,5519.200195
2014-07-17,5504.600098,5545.899902,5504.600098,5509.899902
2014-07-16,5495.700195,5511.0,5485.700195,5504.5
2014-07-15,5495.799805,5520.399902,5479.600098,5495.700195
2014-07-14,5474.600098,5503.5,5474.600098,5495.799805
2014-07-11,5454.299805,5490.0,5432.700195,5474.600098
2014-07-10,5442.200195,5458.0,5439.5,5454.299805
2014-07-09,5498.5,5498.5,5430.100098,5442.200195
2014-07-08,5506.299805,5507.399902,5488.600098,5498.5
2014-07-07,5511.799805,5523.100098,5502.200195,5506.299805
2014-07-04,5479.5,5519.100098,5479.5,5511.799805
2014-07-03,5443.0,5487.0,5443.0,5479.5
2014-07-02,5366.5,5441.700195,5366.5,5441.700195
2014-07-01,5382.0,5400.600098,5361.399902,5366.5
2014-06-30,5429.100098,5429.799805,5382.0,5382.0
2014-06-27,5446.799805,5462.100098,5424.700195,5429.100098
2014-06-26,5386.799805,5446.799805,5386.799805,5446.799805
2014-06-25,5415.100098,5415.100098,5363.200195,5386.799805
2014-06-24,5432.700195,5434.200195,5406.799805,5415.100098
2014-06-23,5401.600098,5448.0,5401.600098,5432.700195
2014-06-20,5446.399902,5446.399902,5399.799805,5401.600098
2014-06-19,5363.899902,5446.399902,5363.899902,5446.399902
2014-06-18,5380.700195,5385.0,5363.899902,5363.899902
2014-06-17,5390.600098,5394.799805,5367.399902,5380.700195
2014-06-16,5383.700195,5390.600098,5360.299805,5390.600098
2014-06-13,5407.899902,5407.899902,5354.700195,5383.700195
2014-06-12,5432.5,5432.5,5402.899902,5407.899902
2014-06-11,5448.5,5448.5,5424.399902,5432.5
2014-06-10,5443.5,5474.0,5442.399902,5448.5
2014-06-06,5419.700195,5452.100098,5419.700195,5443.5
2014-06-05,5426.799805,5437.0,5400.600098,5419.700195
2014-06-04,5460.5,5463.600098,5424.399902,5426.799805
2014-06-03,5499.200195,5506.0,5459.100098,5460.5
2014-06-02,5466.299805,5502.399902,5464.200195,5499.200195
2014-05-30,5499.200195,5504.5,5473.799805,5473.799805
2014-05-29,5506.700195,5508.0,5485.100098,5499.200195
2014-05-28,5490.799805,5520.299805,5490.799805,5506.700195
2014-05-27,5490.5,5506.5,5485.5,5490.799805
2014-05-26,5470.299805,5490.399902,5470.299805,5490.399902
2014-05-23,5458.100098,5484.299805,5458.100098,5470.299805
2014-05-22,5403.899902,5467.5,5403.899902,5458.100098
2014-05-21,5401.700195,5403.899902,5353.399902,5403.899902
2014-05-20,5390.299805,5413.5,5367.5,5401.700195
2014-05-19,5458.899902,5458.899902,5390.299805,5390.299805
2014-05-16,5490.200195,5490.200195,5451.700195,5458.899902
2014-05-15,5476.399902,5490.200195,5452.5,5490.200195
2014-05-14,5475.399902,5482.600098,5453.799805,5475.899902
2014-05-13,5429.0,5483.100098,5429.0,5475.399902
2014-05-12,5442.0,5460.399902,5414.100098,5429.0
2014-05-09,5455.899902,5455.899902,5414.299805,5442.0
2014-05-08,5419.100098,5463.600098,5419.100098,5455.899902
2014-05-07,5462.700195,5462.700195,5402.0,5419.100098
2014-05-06,5443.399902,5472.600098,5443.399902,5462.700195
2014-05-05,5438.799805,5465.399902,5425.0,5443.399902
2014-05-02,5430.399902,5439.200195,5412.700195,5438.799805
2014-05-01,5470.799805,5481.799805,5421.5,5430.399902
2014-04-30,5466.899902,5488.5,5446.299805,5470.799805
2014-04-29,5516.100098,5533.299805,5450.799805,5466.899902
2014-04-28,5515.5,5529.200195,5503.5,5516.100098
2014-04-24,5502.200195,5521.899902,5502.200195,5515.5
2014-04-23,5467.100098,5507.799805,5467.100098,5502.200195
2014-04-22,5444.799805,5470.600098,5442.700195,5467.100098
2014-04-17,5412.600098,5450.5,5412.600098,5444.799805
2014-04-16,5380.299805,5416.5,5379.100098,5412.600098
2014-04-15,5355.0,5400.200195,5355.0,5380.299805
2014-04-14,5423.5,5423.5,5353.600098,5353.600098
2014-04-11,5477.5,5477.5,5418.899902,5423.5
2014-04-10,5460.299805,5500.0,5460.299805,5477.5
2014-04-09,5409.200195,5473.100098,5409.200195,5460.299805
2014-04-08,5416.100098,5417.5,5392.5,5409.200195
2014-04-07,5428.600098,5428.600098,5395.5,5416.100098
2014-04-04,5415.700195,5428.600098,5405.399902,5428.600098
2014-04-03,5408.799805,5424.899902,5408.799805,5415.700195
2014-04-02,5394.899902,5414.799805,5394.899902,5408.799805
2014-04-01,5403.0,5409.200195,5358.600098,5394.899902
2014-03-31,5376.799805,5421.5,5376.799805,5403.0
2014-03-28,5359.700195,5381.799805,5352.100098,5376.799805
2014-03-27,5387.200195,5387.200195,5332.799805,5359.700195
2014-03-26,5351.0,5405.299805,5351.0,5387.200195
2014-03-25,5362.100098,5362.100098,5325.600098,5351.0
2014-03-24,5354.0,5362.100098,5319.200195,5362.100098
2014-03-21,5312.700195,5354.0,5312.700195,5354.0
2014-03-20,5373.0,5373.0,5307.0,5312.700195
2014-03-19,5360.299805,5373.899902,5351.600098,5373.0
2014-03-18,5335.200195,5377.0,5335.200195,5360.200195
2014-03-17,5347.100098,5348.100098,5329.399902,5335.200195
2014-03-14,5429.100098,5429.100098,5347.100098,5347.100098
2014-03-13,5400.5,5441.100098,5400.5,5429.100098
2014-03-12,5429.299805,5429.299805,5362.899902,5400.5
2014-03-11,5430.799805,5448.100098,5420.299805,5429.299805
2014-03-10,5477.0,5477.0,5429.299805,5430.799805
2014-03-07,5459.700195,5477.299805,5458.299805,5477.0
2014-03-06,5457.299805,5459.700195,5435.700195,5459.700195
2014-03-05,5417.200195,5464.600098,5417.200195,5457.299805
2014-03-04,5395.899902,5418.399902,5383.5,5411.700195
2014-03-03,5415.399902,5415.399902,5355.200195,5397.399902
2014-02-28,5421.0,5449.200195,5412.299805,5415.399902
2014-02-27,5447.0,5447.0,5416.0,5421.0
2014-02-26,5444.0,5461.299805,5433.700195,5447.0
2014-02-25,5450.100098,5471.799805,5438.200195,5444.0
2014-02-24,5449.5,5466.0,5436.600098,5450.100098
2014-02-21,5421.299805,5460.399902,5421.299805,5449.399902
2014-02-20,5415.5,5449.5,5409.299805,5421.299805
2014-02-19,5404.600098,5428.0,5402.200195,5415.5
2014-02-18,5394.799805,5408.0,5388.899902,5402.200195
2014-02-17,5394.799805,5408.0,5394.799805,5400.200195
2014-02-14,5318.700195,5366.899902,5318.700195,5366.899902
2014-02-13,5319.5,5342.5,5314.399902,5318.700195
2014-02-12,5267.299805,5319.799805,5267.299805,5319.799805
2014-02-11,5236.5,5273.600098,5220.5,5267.299805
2014-02-10,5184.5,5236.5,5184.5,5236.5
2014-02-07,5147.399902,5184.700195,5147.399902,5184.5
2014-02-06,5088.700195,5147.399902,5088.700195,5147.399902
2014-02-05,5114.100098,5128.600098,5072.700195,5088.700195
2014-02-04,5201.899902,5201.899902,5109.200195,5114.100098
2014-02-03,5205.100098,5212.5,5179.0,5201.899902
2014-01-31,5199.399902,5209.899902,5184.399902,5205.100098
2014-01-30,5240.600098,5240.600098,5175.200195,5199.399902
2014-01-29,5188.0,5240.600098,5188.0,5240.600098
2014-01-28,5254.299805,5254.299805,5174.399902,5188.0
2014-01-24,5275.5,5289.700195,5254.299805,5254.299805
2014-01-23,5331.299805,5331.399902,5266.5,5275.5
2014-01-22,5342.0,5342.0,5298.100098,5331.299805
2014-01-21,5307.600098,5342.0,5289.399902,5342.0
2014-01-20,5316.399902,5317.0,5273.700195,5307.600098
2014-01-17,5319.399902,5328.600098,5295.600098,5316.399902
2014-01-16,5255.5,5319.399902,5255.5,5319.399902
2014-01-15,5219.799805,5263.399902,5219.799805,5255.5
2014-01-14,5296.799805,5296.799805,5215.5,5219.799805
2014-01-13,5316.299805,5321.600098,5294.5,5296.799805
2014-01-10,5327.5,5327.5,5309.200195,5316.299805
2014-01-09,5318.700195,5327.5,5298.399902,5327.5
2014-01-08,5318.799805,5353.5,5306.399902,5318.700195
2014-01-07,5327.700195,5346.700195,5316.399902,5318.799805
2014-01-06,5351.799805,5364.399902,5321.799805,5327.700195
2014-01-03,5369.799805,5369.799805,5328.600098,5351.799805
2014-01-02,5353.100098,5383.399902,5353.100098,5369.799805
2013-12-31,5358.0,5367.799805,5340.5,5353.100098
2013-12-30,5323.799805,5358.0,5323.799805,5358.0
2013-12-27,5325.399902,5362.5,5320.0,5323.799805
2013-12-24,5291.5,5328.299805,5291.5,5325.5
2013-12-23,5261.5,5291.5,5257.799805,5291.5
2013-12-20,5202.0,5261.5,5202.0,5261.5
2013-12-19,5099.299805,5202.0,5099.299805,5202.0
2013-12-18,5106.100098,5116.799805,5095.600098,5099.299805
2013-12-17,5093.200195,5136.399902,5088.700195,5106.100098
2013-12-16,5101.5,5104.5,5065.399902,5093.100098
2013-12-13,5069.200195,5101.5,5053.100098,5101.5
2013-12-12,5109.5,5119.299805,5037.399902,5069.200195
2013-12-11,5140.399902,5145.299805,5109.5,5109.5
2013-12-10,5148.399902,5186.799805,5143.700195,5146.200195
2013-12-09,5186.100098,5205.799805,5137.700195,5148.399902
2013-12-06,5196.899902,5197.399902,5156.799805,5186.0
2013-12-05,5267.5,5270.700195,5196.899902,5196.899902
2013-12-04,5249.600098,5271.700195,5222.899902,5267.5
2013-12-03,5273.5,5276.5,5247.100098,5249.600098
2013-12-02,5314.299805,5325.700195,5265.200195,5273.5
2013-11-29,5326.600098,5331.399902,5302.0,5314.299805
2013-11-28,5324.899902,5358.299805,5324.899902,5326.600098
2013-11-27,5350.600098,5354.799805,5324.899902,5324.899902
2013-11-26,5346.100098,5367.899902,5339.200195,5350.600098
2013-11-25,5330.299805,5368.100098,5330.299805,5346.100098
2013-11-22,5284.299805,5346.799805,5284.299805,5330.299805
2013-11-21,5304.600098,5304.600098,5282.0,5284.299805
2013-11-20,5347.799805,5347.799805,5293.899902,5304.600098
2013-11-19,5378.0,5378.0,5340.899902,5347.799805
2013-11-18,5396.200195,5398.399902,5354.100098,5377.899902
2013-11-15,5352.0,5400.0,5338.799805,5396.200195
2013-11-14,5317.5,5372.5,5317.5,5352.0
2013-11-13,5386.799805,5386.799805,5307.899902,5317.5
2013-11-12,5380.799805,5413.899902,5380.799805,5386.799805
2013-11-11,5394.399902,5432.399902,5369.799805,5380.799805
2013-11-08,5415.399902,5415.399902,5374.200195,5394.399902
2013-11-07,5426.100098,5426.100098,5403.899902,5415.399902
2013-11-06,5425.700195,5427.100098,5401.700195,5426.0
2013-11-05,5384.200195,5432.100098,5384.200195,5425.700195
2013-11-04,5406.5,5424.799805,5382.600098,5384.200195
2013-11-01,5420.299805,5420.299805,5400.0,5406.5
2013-10-31,5425.399902,5439.600098,5396.299805,5420.299805
2013-10-30,5410.700195,5438.5,5410.700195,5425.399902
2013-10-29,5437.299805,5439.799805,5404.600098,5410.700195
2013-10-28,5385.700195,5453.100098,5385.700195,5437.299805
2013-10-25,5373.700195,5396.299805,5373.700195,5385.700195
2013-10-24,5356.799805,5384.399902,5355.100098,5373.700195
2013-10-23,5371.200195,5400.399902,5356.200195,5356.799805
2013-10-22,5351.5,5378.700195,5351.5,5371.200195
2013-10-21,5321.0,5365.100098,5321.0,5351.5
2013-10-18,5281.899902,5324.799805,5281.899902,5321.0
2013-10-17,5264.399902,5295.200195,5264.399902,5281.899902
2013-10-16,5259.200195,5269.5,5231.799805,5264.399902
2013-10-15,5206.5,5264.5,5206.5,5259.200195
2013-10-14,5228.799805,5228.799805,5187.200195,5206.5
2013-10-11,5146.200195,5236.600098,5146.200195,5228.799805
2013-10-10,5151.600098,5151.600098,5126.899902,5146.200195
2013-10-09,5144.0,5155.399902,5118.0,5151.600098
2013-10-08,5160.600098,5164.700195,5124.700195,5148.100098
2013-10-07,5205.899902,5212.799805,5147.5,5160.600098
2013-10-04,5232.0,5232.0,5196.200195,5205.899902
2013-10-03,5214.899902,5256.0,5212.200195,5232.0
2013-10-02,5206.299805,5229.299805,5206.299805,5214.899902
2013-10-01,5217.700195,5239.600098,5201.100098,5206.299805
2013-09-30,5302.299805,5302.299805,5217.700195,5217.700195
2013-09-27,5288.200195,5307.700195,5288.200195,5302.299805
2013-09-26,5270.100098,5288.200195,5245.299805,5288.200195
2013-09-25,5229.5,5277.700195,5226.600098,5270.100098
2013-09-24,5245.799805,5245.799805,5213.200195,5229.5
2013-09-23,5270.799805,5270.799805,5221.299805,5245.799805
2013-09-20,5288.600098,5288.600098,5262.700195,5270.799805
2013-09-19,5230.399902,5292.200195,5230.399902,5288.600098
2013-09-18,5245.200195,5247.399902,5220.600098,5230.399902
2013-09-17,5241.700195,5256.399902,5223.100098,5245.200195
2013-09-16,5214.700195,5259.600098,5214.700195,5241.700195
2013-09-13,5238.200195,5238.200195,5205.5,5214.700195
2013-09-12,5230.600098,5247.700195,5225.700195,5238.200195
2013-09-11,5198.899902,5230.600098,5198.899902,5230.600098
2013-09-10,5179.399902,5209.899902,5179.399902,5198.899902
2013-09-09,5144.0,5179.600098,5144.0,5179.399902
2013-09-06,5138.399902,5153.5,5113.799805,5144.0
2013-09-05,5156.5,5166.899902,5114.5,5138.399902
2013-09-04,5188.899902,5188.899902,5147.299805,5156.5
2013-09-03,5178.0,5198.0,5178.0,5188.899902
2013-09-02,5125.299805,5180.899902,5117.899902,5178.0
2013-08-30,5083.100098,5125.299805,5067.399902,5125.299805
2013-08-29,5078.0,5088.799805,5055.600098,5083.100098
2013-08-28,5130.799805,5130.799805,5067.299805,5077.899902
2013-08-27,5126.700195,5131.799805,5101.5,5130.799805
2013-08-26,5115.200195,5148.5,5115.200195,5127.100098
2013-08-23,5068.700195,5132.700195,5068.700195,5115.200195
2013-08-22,5090.299805,5090.299805,5020.600098,5066.700195
2013-08-21,5068.799805,5096.399902,5061.799805,5090.299805
2013-08-20,5102.299805,5102.299805,5050.100098,5068.799805
2013-08-19,5100.399902,5115.600098,5086.899902,5102.299805
2013-08-16,5136.700195,5136.700195,5087.799805,5100.100098
2013-08-15,5141.0,5148.399902,5125.700195,5136.700195
2013-08-14,5141.600098,5151.600098,5126.700195,5141.0
2013-08-13,5094.100098,5144.700195,5094.100098,5141.600098
2013-08-12,5038.799805,5094.299805,5033.5,5094.100098
2013-08-09,5047.100098,5057.600098,5008.299805,5038.799805
2013-08-08,4996.600098,5064.899902,4996.600098,5047.100098
2013-08-07,5088.0,5088.0,4993.200195,4996.600098
2013-08-06,5093.799805,5099.799805,5071.299805,5088.0
2013-08-05,5098.700195,5098.700195,5083.200195,5093.799805
2013-08-02,5047.100098,5099.5,5047.100098,5098.700195
2013-08-01,5035.700195,5075.700195,5018.100098,5047.100098
2013-07-31,5026.299805,5077.299805,5026.299805,5035.700195
2013-07-30,5027.899902,5035.299805,5007.399902,5026.299805
2013-07-29,5023.799805,5040.5,5017.899902,5027.899902
2013-07-26,5018.299805,5043.399902,5010.399902,5023.799805
2013-07-25,5021.799805,5021.799805,4993.5,5018.299805
2013-07-24,5004.600098,5040.200195,5004.600098,5021.799805
2013-07-23,4988.899902,5015.299805,4988.899902,5004.600098
2013-07-22,4959.700195,5011.5,4959.700195,4988.899902
2013-07-19,4976.899902,4993.299805,4948.5,4959.399902
2013-07-18,4966.5,4992.700195,4966.5,4976.899902
2013-07-17,4968.600098,4977.700195,4960.5,4966.5
2013-07-16,4965.600098,4984.299805,4958.200195,4968.600098
2013-07-15,4957.5,4979.399902,4945.200195,4965.600098
2013-07-12,4946.899902,4993.5,4946.899902,4957.5
2013-07-11,4885.5,4946.899902,4885.5,4946.899902
2013-07-10,4866.5,4932.5,4866.5,4885.399902
2013-07-09,4797.600098,4878.299805,4797.600098,4866.5
2013-07-08,4826.399902,4838.5,4774.100098,4797.600098
2013-07-05,4781.0,4837.399902,4781.0,4826.399902
2013-07-04,4727.799805,4783.100098,4727.799805,4781.0
2013-07-03,4810.299805,4810.299805,4704.200195,4727.799805
2013-07-02,4689.700195,4810.299805,4689.700195,4810.299805
2013-07-01,4775.399902,4775.399902,4682.399902,4689.700195
2013-06-28,4784.799805,4803.5,4768.200195,4775.399902
2013-06-27,4707.799805,4803.100098,4707.799805,4784.799805
2013-06-26,4633.5,4724.399902,4633.5,4707.799805
2013-06-25,4651.100098,4664.5,4610.600098,4633.5
2013-06-24,4723.799805,4723.799805,4646.299805,4651.100098
2013-06-21,4743.600098,4743.600098,4668.0,4723.799805
2013-06-20,4841.799805,4841.799805,4715.299805,4743.899902
2013-06-19,4794.600098,4841.799805,4794.600098,4841.799805
2013-06-18,4805.0,4805.0,4750.100098,4794.600098
2013-06-17,4758.200195,4805.0,4726.399902,4805.0
2013-06-14,4684.899902,4776.600098,4684.899902,4775.5
2013-06-13,4716.100098,4716.100098,4650.0,4684.899902
2013-06-12,4748.899902,4748.899902,4703.0,4716.100098
2013-06-11,4729.299805,4750.299805,4729.299805,4748.899902
2013-06-07,4771.799805,4773.600098,4724.100098,4729.299805
2013-06-06,4822.399902,4822.399902,4767.899902,4771.799805
2013-06-05,4886.700195,4886.700195,4820.600098,4825.200195
2013-06-04,4873.700195,4891.899902,4852.299805,4886.700195
2013-06-03,4914.0,4915.0,4873.700195,4873.700195
2013-05-31,4927.200195,4946.0,4909.600098,4914.0
2013-05-30,4959.200195,4959.200195,4885.399902,4917.100098
2013-05-29,4950.600098,4975.399902,4942.600098,4959.200195
2013-05-28,4937.600098,4959.399902,4930.100098,4950.600098
2013-05-27,4964.299805,4964.399902,4910.399902,4938.600098
2013-05-24,5040.799805,5059.899902,4936.0,4964.299805
2013-05-23,5137.200195,5137.200195,5036.700195,5040.799805
2013-05-22,5163.0,5178.899902,5131.799805,5142.100098
2013-05-21,5184.399902,5184.399902,5138.5,5156.200195
2013-05-20,5165.399902,5221.799805,5165.399902,5185.399902
2013-05-17,5153.100098,5172.799805,5147.0,5159.799805
2013-05-16,5173.299805,5191.799805,5136.600098,5144.200195
2013-05-15,5204.200195,5229.799805,5151.399902,5173.299805
2013-05-14,5194.799805,5209.299805,5192.0,5202.5
2013-05-13,5188.899902,5204.200195,5177.0,5194.799805
2013-05-10,5182.200195,5223.899902,5182.200195,5191.100098
2013-05-09,5173.299805,5192.200195,5164.700195,5180.600098
2013-05-08,5130.700195,5180.200195,5129.799805,5177.899902
2013-05-07,5139.700195,5142.700195,5098.0,5122.700195
2013-05-06,5121.0,5175.299805,5120.0,5133.799805
2013-05-03,5104.100098,5154.0,5102.100098,5105.399902
2013-05-02,5143.899902,5143.899902,5094.299805,5104.100098
2013-05-01,5165.299805,5166.600098,5139.799805,5144.0
2013-04-30,5108.299805,5171.200195,5108.299805,5168.600098
2013-04-29,5082.700195,5111.799805,5082.700195,5108.299805
2013-04-26,5094.600098,5116.899902,5082.5,5082.700195
2013-04-24,5009.0,5085.200195,5009.0,5084.200195
2013-04-23,4955.399902,5023.799805,4955.399902,5002.600098
2013-04-22,4923.0,4955.399902,4923.0,4955.399902
2013-04-19,4911.299805,4946.100098,4908.700195,4923.0
2013-04-18,4979.0,4979.700195,4911.299805,4911.299805
2013-04-17,4944.100098,4997.200195,4944.100098,4993.600098
2013-04-16,4966.799805,4966.799805,4909.100098,4944.100098
2013-04-15,5008.600098,5008.600098,4933.100098,4966.799805
2013-04-12,5009.700195,5024.399902,5009.200195,5016.0
2013-04-11,4973.700195,5017.600098,4973.700195,5010.299805
2013-04-10,4989.700195,4995.299805,4963.0,4973.700195
2013-04-09,4912.700195,4980.299805,4912.700195,4980.200195
2013-04-08,4899.200195,4920.899902,4897.0,4912.700195
2013-04-05,4924.700195,4929.700195,4891.600098,4899.200195
2013-04-04,4959.0,4959.0,4908.399902,4919.299805
2013-04-03,4999.299805,5019.700195,4945.899902,4966.399902
2013-04-02,4979.899902,5017.299805,4978.700195,4995.5
2013-03-28,5007.0,5007.0,4979.899902,4979.899902
2013-03-27,4972.899902,5007.0,4971.399902,5007.0
2013-03-26,4993.200195,4993.200195,4957.200195,4964.700195
2013-03-25,4981.899902,5033.100098,4981.899902,5001.5
2013-03-22,4973.700195,4995.299805,4944.5,4980.799805
2013-03-21,4982.600098,5012.299805,4964.5,4976.799805
2013-03-20,5004.399902,5004.399902,4956.399902,4982.600098
2013-03-19,5034.899902,5069.799805,5004.0,5004.399902
2013-03-18,5112.799805,5112.799805,5027.299805,5027.399902
2013-03-15,5043.799805,5129.299805,5043.799805,5129.299805
2013-03-14,5102.0,5113.899902,5043.799805,5043.799805
2013-03-13,5131.399902,5133.399902,5093.0,5104.399902
2013-03-12,5163.299805,5174.399902,5128.600098,5128.600098
2013-03-11,5135.299805,5162.299805,5130.200195,5160.0
2013-03-08,5123.100098,5144.5,5116.700195,5137.5
2013-03-07,5134.0,5148.299805,5102.299805,5123.100098
2013-03-06,5088.100098,5143.399902,5088.100098,5130.899902
2013-03-05,5028.5,5107.899902,5028.5,5088.100098
2013-03-04,5100.899902,5100.899902,5027.899902,5028.5
2013-03-01,5120.399902,5120.399902,5079.899902,5100.899902
2013-02-28,5053.100098,5127.799805,5053.100098,5120.399902
2013-02-27,5029.100098,5059.5,5029.100098,5053.100098
2013-02-26,5055.5,5057.100098,4997.5,5021.799805
2013-02-25,5035.600098,5081.899902,5035.600098,5072.700195
2013-02-22,4998.600098,5070.200195,4994.799805,5036.700195
2013-02-21,5083.799805,5093.700195,4998.600098,4998.600098
2013-02-20,5101.0,5123.0,5101.0,5114.399902
2013-02-19,5082.899902,5101.0,5066.299805,5101.0
2013-02-18,5061.299805,5090.700195,5052.5,5082.899902
2013-02-15,5052.700195,5063.299805,5043.200195,5054.600098
2013-02-14,5024.5,5065.299805,5021.200195,5057.200195
2013-02-13,4981.5,5032.899902,4981.5,5024.5
2013-02-12,4980.299805,5002.200195,4980.299805,4981.5
2013-02-11,4989.399902,4997.0,4980.299805,4980.299805
2013-02-08,4953.299805,4989.399902,4948.700195,4989.399902
2013-02-07,4935.0,4957.600098,4928.299805,4955.799805
2013-02-06,4902.600098,4949.600098,4902.600098,4940.5
2013-02-05,4918.700195,4918.700195,4892.0,4902.600098
2013-02-04,4941.899902,4971.399902,4929.100098,4929.100098
2013-02-01,4901.0,4943.5,4901.0,4941.899902
2013-01-31,4919.100098,4927.600098,4888.399902,4901.0
2013-01-30,4910.799805,4928.600098,4908.5,4919.100098
2013-01-29,4865.600098,4917.0,4864.799805,4910.799805
2013-01-25,4833.799805,4858.899902,4833.799805,4858.899902
2013-01-24,4808.399902,4837.899902,4804.899902,4833.799805
2013-01-23,4811.5,4825.399902,4811.399902,4812.100098
2013-01-22,4802.200195,4825.600098,4792.700195,4802.899902
2013-01-21,4796.700195,4803.700195,4788.0,4802.200195
2013-01-18,4779.700195,4805.799805,4779.700195,4794.700195
2013-01-17,4765.0,4808.899902,4765.0,4779.700195
2013-01-16,4741.899902,4765.299805,4741.200195,4765.0
2013-01-15,4746.899902,4756.799805,4733.200195,4743.0
2013-01-14,4733.799805,4754.799805,4733.5,4745.700195
2013-01-11,4745.899902,4757.200195,4728.399902,4733.799805
2013-01-10,4730.100098,4750.100098,4723.100098,4745.200195
2013-01-09,4712.799805,4732.299805,4712.799805,4730.100098
2013-01-08,4741.700195,4756.200195,4711.899902,4712.299805
2013-01-07,4745.799805,4770.200195,4735.899902,4738.100098
2013-01-04,4761.399902,4761.399902,4737.0,4742.899902
2013-01-03,4722.899902,4763.600098,4722.899902,4761.399902
2013-01-02,4664.600098,4726.200195,4664.600098,4722.899902
2012-12-31,4680.399902,4680.399902,4659.5,4664.600098
2012-12-28,4665.0,4701.0,4664.899902,4685.299805
2012-12-27,4645.600098,4666.100098,4642.100098,4661.399902
2012-12-24,4637.100098,4655.200195,4637.100098,4645.600098
2012-12-21,4646.600098,4669.0,4623.799805,4635.200195
2012-12-20,4635.0,4655.299805,4624.700195,4646.600098
2012-12-19,4618.700195,4641.5,4618.0,4633.200195
2012-12-18,4593.100098,4623.600098,4593.100098,4610.5
2012-12-17,4595.100098,4599.100098,4583.100098,4588.0
2012-12-14,4592.899902,4607.799805,4590.200195,4595.100098
2012-12-13,4591.799805,4600.200195,4586.200195,4592.899902
2012-12-12,4581.299805,4608.799805,4581.299805,4591.799805
2012-12-11,4562.399902,4585.299805,4562.399902,4581.299805
2012-12-10,4556.5,4575.899902,4556.5,4562.399902
2012-12-07,4522.0,4557.600098,4521.600098,4555.899902
2012-12-06,4528.0,4535.399902,4512.399902,4515.700195
2012-12-05,4511.799805,4531.600098,4508.600098,4528.0
2012-12-04,4540.0,4544.399902,4510.399902,4511.799805
2012-12-03,4518.0,4546.299805,4518.0,4540.0
2012-11-30,4490.100098,4524.700195,4490.100098,4518.0
2012-11-29,4462.299805,4490.100098,4461.100098,4490.100098
2012-11-28,4470.100098,4470.100098,4448.600098,4462.600098
2012-11-27,4443.5,4477.5,4442.200195,4473.399902
2012-11-26,4431.5,4444.899902,4431.5,4443.5
2012-11-23,4432.399902,4432.5,4417.299805,4431.5
2012-11-22,4396.899902,4446.200195,4394.799805,4432.399902
2012-11-21,4408.899902,4409.200195,4387.600098,4390.700195
2012-11-20,4382.600098,4411.799805,4382.600098,4407.5
2012-11-19,4367.399902,4385.0,4362.100098,4382.600098
2012-11-16,4371.5,4372.200195,4355.899902,4360.100098
2012-11-15,4410.700195,4410.700195,4359.600098,4370.600098
2012-11-14,4404.200195,4416.299805,4395.299805,4410.700195
2012-11-13,4468.200195,4468.799805,4404.200195,4404.200195
2012-11-12,4479.200195,4485.700195,4464.700195,4469.899902
2012-11-09,4502.200195,4502.200195,4458.200195,4482.5
2012-11-08,4534.200195,4534.200195,4478.5,4502.200195
2012-11-07,4503.700195,4536.299805,4502.299805,4534.200195
2012-11-06,4492.5,4507.799805,4489.5,4503.700195
2012-11-05,4481.0,4497.0,4458.700195,4493.600098
2012-11-02,4491.299805,4507.5,4480.100098,4483.299805
2012-11-01,4535.399902,4535.399902,4479.899902,4479.899902
2012-10-31,4511.700195,4542.799805,4511.5,4535.399902
2012-10-30,4499.799805,4518.899902,4493.399902,4505.700195
2012-10-29,4498.899902,4523.0,4498.600098,4499.399902
2012-10-26,4536.0,4547.600098,4495.0,4496.299805
2012-10-25,4529.700195,4541.399902,4528.0,4533.5
2012-10-24,4568.0,4568.0,4525.600098,4530.600098
2012-10-23,4562.899902,4588.700195,4561.5,4568.0
2012-10-22,4582.100098,4582.700195,4545.899902,4564.600098
2012-10-19,4580.899902,4593.899902,4561.600098,4593.5
2012-10-18,4586.100098,4602.5,4567.899902,4580.899902
2012-10-17,4513.899902,4558.700195,4513.899902,4550.899902
2012-10-16,4505.5,4537.899902,4505.5,4513.899902
2012-10-15,4510.100098,4515.0,4501.200195,4505.5
2012-10-12,4505.200195,4518.399902,4505.100098,4510.100098
2012-10-11,4511.899902,4513.399902,4483.200195,4505.200195
2012-10-10,4520.0,4520.600098,4498.100098,4511.899902
2012-10-09,4503.399902,4532.600098,4502.600098,4526.600098
2012-10-08,4513.799805,4516.0,4496.899902,4502.0
2012-10-05,4472.600098,4514.899902,4472.600098,4513.799805
2012-10-04,4458.799805,4476.200195,4457.200195,4472.600098
2012-10-03,4451.899902,4472.899902,4451.399902,4458.799805
2012-10-02,4412.899902,4456.399902,4412.899902,4451.899902
2012-10-01,4406.299805,4429.399902,4394.600098,4408.299805
2012-09-28,4402.399902,4413.100098,4389.100098,4406.299805
2012-09-27,4378.799805,4402.899902,4357.899902,4402.799805
2012-09-26,4387.200195,4387.600098,4372.700195,4382.5
2012-09-25,4409.200195,4409.200195,4390.0,4395.5
2012-09-24,4430.799805,4430.799805,4398.600098,4409.200195
2012-09-21,4420.399902,4440.600098,4419.399902,4430.799805
2012-09-20,4435.899902,4436.0,4417.0,4419.799805
2012-09-19,4417.799805,4443.200195,4410.100098,4440.399902
2012-09-18,4421.799805,4426.899902,4406.100098,4417.799805
2012-09-17,4422.799805,4430.399902,4411.100098,4421.799805
2012-09-14,4372.899902,4417.399902,4372.899902,4410.200195
2012-09-13,4383.100098,4383.100098,4358.799805,4359.799805
2012-09-12,4348.299805,4385.299805,4348.299805,4383.100098
2012-09-11,4357.899902,4357.899902,4341.399902,4348.299805
2012-09-10,4348.799805,4365.0,4342.600098,4358.0
2012-09-07,4331.600098,4376.799805,4331.600098,4348.799805
2012-09-06,4297.700195,4343.299805,4297.700195,4331.600098
2012-09-05,4325.600098,4325.600098,4281.5,4297.700195
2012-09-04,4351.600098,4356.700195,4316.799805,4325.5
2012-09-03,4333.799805,4358.600098,4312.600098,4351.600098
2012-08-31,4340.200195,4351.0,4327.799805,4339.0
2012-08-30,4381.5,4381.5,4327.600098,4340.200195
2012-08-29,4387.0,4387.0,4373.399902,4381.5
2012-08-28,4373.600098,4391.899902,4368.799805,4387.0
2012-08-27,4378.899902,4402.899902,4370.100098,4372.899902
2012-08-24,4411.799805,4411.799805,4367.5,4376.5
2012-08-23,4403.299805,4430.299805,4399.600098,4411.799805
2012-08-22,4410.799805,4411.899902,4394.299805,4403.299805
2012-08-21,4391.899902,4428.799805,4388.200195,4410.799805
2012-08-20,4393.799805,4401.299805,4372.799805,4391.899902
2012-08-17,4353.5,4393.799805,4353.0,4393.799805
2012-08-16,4307.0,4353.5,4307.0,4353.5
2012-08-15,4317.399902,4336.5,4293.899902,4307.0
2012-08-14,4309.5,4326.399902,4299.700195,4317.399902
2012-08-13,4302.799805,4339.200195,4302.799805,4309.5
2012-08-10,4330.100098,4336.100098,4302.799805,4302.799805
2012-08-09,4332.899902,4350.399902,4330.100098,4330.100098
2012-08-08,4311.399902,4342.700195,4311.399902,4332.899902
2012-08-07,4292.899902,4313.899902,4292.899902,4311.399902
2012-08-06,4243.0,4307.799805,4243.0,4292.899902
2012-08-03,4290.100098,4290.100098,4235.100098,4243.0
2012-08-02,4282.700195,4300.600098,4276.799805,4290.100098
2012-08-01,4289.399902,4289.399902,4274.299805,4282.700195
2012-07-31,4266.899902,4305.600098,4266.899902,4289.399902
2012-07-30,4234.399902,4277.399902,4234.399902,4266.899902
2012-07-27,4173.799805,4234.399902,4173.799805,4234.399902
2012-07-26,4151.399902,4176.299805,4150.100098,4173.799805
2012-07-25,4161.200195,4161.200195,4114.0,4151.399902
2012-07-24,4159.200195,4169.399902,4143.399902,4161.200195
2012-07-23,4230.600098,4230.600098,4159.200195,4159.200195
2012-07-20,4236.399902,4245.5,4217.299805,4230.600098
2012-07-19,4156.399902,4236.399902,4156.399902,4236.399902
2012-07-18,4175.299805,4177.299805,4154.100098,4156.399902
2012-07-17,4143.200195,4187.600098,4140.899902,4175.299805
2012-07-16,4118.299805,4162.200195,4118.299805,4143.200195
2012-07-13,4106.0,4138.399902,4100.0,4118.299805
2012-07-12,4135.0,4146.200195,4101.399902,4106.0
2012-07-11,4137.899902,4140.600098,4116.399902,4135.0
2012-07-10,4159.799805,4176.799805,4130.200195,4137.899902
2012-07-09,4199.0,4199.0,4154.0,4159.799805
2012-07-06,4209.899902,4210.200195,4187.200195,4199.0
2012-07-05,4213.799805,4215.799805,4199.5,4209.899902
2012-07-04,4166.399902,4213.899902,4166.399902,4213.799805
2012-07-03,4172.5,4180.100098,4159.5,4166.399902
2012-07-02,4135.5,4189.899902,4135.5,4172.5
2012-06-29,4085.600098,4155.200195,4073.8000490000004,4135.5
2012-06-28,4084.0,4113.700195,4081.6999509999996,4085.600098
2012-06-27,4056.3000490000004,4084.600098,4055.399902,4084.0
2012-06-26,4072.0,4072.0,4046.399902,4056.3000490000004
2012-06-25,4093.8000490000004,4093.8000490000004,4041.1999509999996,4072.0
2012-06-22,4133.700195,4133.700195,4084.5,4093.8000490000004
2012-06-21,4176.799805,4180.399902,4131.100098,4133.700195
2012-06-20,4167.399902,4202.600098,4167.399902,4176.799805
2012-06-19,4183.899902,4183.899902,4151.0,4167.399902
2012-06-18,4107.0,4185.100098,4107.0,4183.899902
2012-06-15,4089.8000490000004,4110.399902,4083.5,4107.0
2012-06-14,4111.5,4111.5,4074.399902,4089.8000490000004
2012-06-13,4118.299805,4132.799805,4095.6999509999996,4111.5
2012-06-12,4111.200195,4131.200195,4108.700195,4118.299805
2012-06-08,4156.700195,4168.200195,4103.200195,4111.200195
2012-06-07,4104.700195,4166.5,4104.700195,4156.700195
2012-06-06,4092.399902,4112.200195,4086.100098,4104.700195
2012-06-05,4033.399902,4095.1999509999996,4033.399902,4092.399902
2012-06-04,4116.899902,4116.899902,4033.399902,4033.399902
2012-06-01,4133.700195,4133.700195,4088.399902,4116.899902
2012-05-31,4148.700195,4148.700195,4092.5,4133.700195
2012-05-30,4168.200195,4168.200195,4126.600098,4148.700195
2012-05-29,4120.200195,4169.0,4092.399902,4168.200195
2012-05-28,4081.1999509999996,4122.200195,4081.1999509999996,4120.200195
2012-05-25,4107.600098,4121.0,4077.399902,4081.1999509999996
2012-05-24,4119.899902,4139.799805,4101.899902,4106.200195
2012-05-23,4170.299805,4170.299805,4118.799805,4118.799805
2012-05-22,4133.700195,4174.399902,4133.700195,4173.5
2012-05-21,4104.700195,4137.700195,4093.8000490000004,4124.399902
2012-05-18,4193.100098,4193.100098,4079.399902,4098.799805
2012-05-17,4218.0,4233.299805,4187.200195,4208.5
2012-05-16,4304.100098,4304.100098,4214.700195,4214.700195
2012-05-15,4341.5,4341.5,4302.200195,4316.299805
2012-05-14,4344.799805,4360.5,4340.399902,4351.899902
2012-05-11,4354.200195,4359.299805,4333.100098,4342.700195
2012-05-10,4327.299805,4353.799805,4327.299805,4353.799805
2012-05-09,4372.200195,4372.899902,4316.399902,4332.200195
2012-05-08,4369.899902,4387.399902,4359.799805,4375.899902
2012-05-07,4440.700195,4440.700195,4359.299805,4361.600098
2012-05-04,4488.100098,4488.100098,4452.5,4459.399902
2012-05-03,4503.799805,4510.200195,4494.5,4494.5
2012-05-02,4503.0,4513.200195,4496.899902,4504.799805
2012-05-01,4468.799805,4515.0,4468.799805,4497.299805
2012-04-30,4443.600098,4468.100098,4443.200195,4467.200195
2012-04-27,4446.5,4455.600098,4433.399902,4433.399902
2012-04-26,4442.0,4466.200195,4438.399902,4445.0
2012-04-24,4423.299805,4447.100098,4415.5,4433.899902
2012-04-23,4442.600098,4442.799805,4429.0,4430.299805
2012-04-20,4437.899902,4445.600098,4432.100098,4444.399902
2012-04-19,4428.200195,4453.700195,4425.600098,4441.299805
2012-04-18,4380.5,4427.200195,4380.399902,4427.200195
2012-04-17,4382.200195,4400.600098,4366.700195,4368.799805
2012-04-16,4394.0,4394.100098,4368.600098,4382.5
2012-04-13,4374.299805,4410.700195,4374.299805,4404.200195
2012-04-12,4330.100098,4361.700195,4330.100098,4361.700195
2012-04-11,4362.799805,4362.799805,4327.299805,4327.299805
2012-04-10,4393.0,4393.200195,4357.299805,4373.700195
2012-04-05,4408.100098,4408.700195,4370.100098,4402.299805
2012-04-04,4416.299805,4425.0,4402.399902,4418.899902
2012-04-03,4422.899902,4437.700195,4415.299805,4424.399902
2012-04-02,4432.5,4460.700195,4414.100098,4416.399902
2012-03-30,4423.899902,4443.0,4419.899902,4420.0
2012-03-29,4427.600098,4434.5,4414.600098,4422.0
2012-03-28,4388.399902,4433.600098,4384.799805,4431.5
2012-03-27,4364.899902,4397.899902,4364.899902,4391.600098
2012-03-26,4360.200195,4380.700195,4355.200195,4355.200195
2012-03-23,4354.700195,4366.899902,4329.299805,4360.700195
2012-03-22,4344.700195,4373.200195,4343.899902,4364.899902
2012-03-21,4357.0,4365.600098,4334.399902,4347.0
2012-03-20,4382.799805,4383.0,4355.0,4365.600098
2012-03-19,4370.600098,4397.899902,4369.799805,4381.200195
2012-03-16,4367.5,4373.5,4354.600098,4364.700195
2012-03-15,4371.200195,4371.200195,4354.299805,4366.899902
2012-03-14,4348.600098,4382.600098,4348.200195,4375.600098
2012-03-13,4294.200195,4341.799805,4293.700195,4336.5
2012-03-12,4303.0,4303.600098,4285.100098,4288.200195
2012-03-09,4270.600098,4303.700195,4270.399902,4300.5
2012-03-08,4242.100098,4266.299805,4237.700195,4262.200195
2012-03-07,4285.0,4285.0,4234.399902,4234.399902
2012-03-06,4345.600098,4346.0,4293.100098,4295.5
2012-03-05,4360.0,4364.200195,4343.600098,4354.200195
2012-03-02,4353.899902,4380.899902,4353.5,4364.100098
2012-03-01,4381.0,4381.0,4337.600098,4346.0
2012-02-29,4357.100098,4406.100098,4357.100098,4388.100098
2012-02-28,4355.299805,4372.899902,4346.299805,4351.200195
2012-02-27,4380.100098,4385.299805,4345.700195,4354.5
2012-02-24,4369.399902,4389.399902,4366.399902,4389.0
2012-02-23,4371.100098,4373.899902,4347.799805,4367.5
2012-02-22,4365.799805,4383.700195,4353.100098,4372.100098
2012-02-21,4335.0,4373.600098,4323.299805,4368.200195
2012-02-20,4289.299805,4332.799805,4286.899902,4332.799805
2012-02-17,4267.0,4288.700195,4264.0,4273.299805
2012-02-16,4318.100098,4318.100098,4246.399902,4257.200195
2012-02-15,4318.100098,4332.299805,4300.100098,4327.399902
2012-02-14,4354.200195,4354.700195,4310.799805,4318.899902
2012-02-13,4321.899902,4362.799805,4320.899902,4359.399902
2012-02-10,4354.700195,4362.5,4322.600098,4322.600098
2012-02-09,4356.899902,4357.5,4320.299805,4357.100098
2012-02-08,4340.200195,4367.100098,4340.200195,4363.700195
2012-02-07,4359.600098,4380.399902,4340.399902,4344.899902
2012-02-06,4334.600098,4377.5,4333.5,4364.600098
2012-02-03,4336.600098,4340.799805,4318.0,4320.100098
2012-02-02,4306.5,4349.0,4305.299805,4333.200195
2012-02-01,4322.399902,4328.100098,4291.0,4291.0
2012-01-31,4332.700195,4348.899902,4323.799805,4325.700195
2012-01-30,4347.0,4355.299805,4327.299805,4334.399902
2012-01-27,4333.799805,4373.299805,4333.799805,4348.5
2012-01-25,4289.5,4329.5,4289.200195,4329.100098
2012-01-24,4290.700195,4311.100098,4281.799805,4286.399902
2012-01-23,4300.200195,4301.700195,4287.5,4287.600098
2012-01-20,4285.299805,4312.799805,4284.600098,4303.0
2012-01-19,4290.200195,4320.600098,4278.600098,4278.600098
2012-01-18,4278.799805,4290.0,4262.799805,4280.600098
2012-01-17,4220.100098,4277.700195,4219.299805,4277.700195
2012-01-16,4244.0,4245.399902,4201.5,4208.899902
2012-01-13,4246.899902,4261.799805,4244.899902,4255.399902
2012-01-12,4245.5,4251.5,4226.0,4238.399902
2012-01-11,4214.200195,4254.899902,4214.200195,4242.899902
2012-01-10,4169.299805,4208.600098,4169.299805,4206.600098
2012-01-09,4170.600098,4183.799805,4145.100098,4161.5
2012-01-06,4194.200195,4198.200195,4164.0,4164.5
2012-01-05,4231.700195,4231.700195,4186.700195,4196.600098
2012-01-04,4175.899902,4254.0,4175.700195,4239.5
2012-01-03,4123.299805,4160.600098,4122.600098,4155.200195
2011-12-30,4128.5,4140.899902,4109.5,4111.0
2011-12-29,4135.299805,4135.299805,4091.600098,4123.100098
2011-12-28,4191.299805,4193.700195,4139.5,4141.700195
2011-12-23,4153.5,4192.100098,4153.5,4192.100098
2011-12-22,4184.399902,4185.0,4136.299805,4142.200195
2011-12-21,4126.200195,4198.200195,4126.200195,4190.200195
2011-12-20,4113.799805,4128.5,4103.100098,4107.100098
2011-12-19,4208.100098,4208.299805,4113.600098,4113.899902
2011-12-16,4200.100098,4224.299805,4198.799805,4218.799805
2011-12-15,4239.700195,4239.700195,4175.100098,4197.799805
2011-12-14,4243.799805,4259.799805,4227.5,4249.799805
2011-12-13,4295.600098,4295.600098,4240.799805,4251.700195
2011-12-12,4281.600098,4331.700195,4281.200195,4311.399902
2011-12-09,4319.600098,4320.200195,4248.5,4264.100098
2011-12-08,4348.0,4349.700195,4330.799805,4338.899902
2011-12-07,4331.200195,4373.5,4331.100098,4351.299805
2011-12-06,4375.5,4376.100098,4316.200195,4321.600098
2011-12-05,4350.600098,4391.299805,4350.600098,4379.5
2011-12-02,4285.200195,4346.299805,4285.200195,4346.299805
2011-12-01,4218.799805,4299.5,4218.799805,4288.100098
2011-11-30,4163.899902,4184.700195,4145.700195,4184.700195
2011-11-29,4132.0,4167.299805,4109.299805,4167.299805
2011-11-28,4069.0,4138.100098,4068.6999509999996,4125.799805
2011-11-25,4114.100098,4114.100098,4047.399902,4057.600098
2011-11-24,4124.0,4141.5,4101.5,4115.299805
2011-11-23,4197.0,4197.799805,4125.799805,4125.799805
2011-11-22,4219.0,4220.899902,4166.0,4204.200195
2011-11-21,4242.5,4251.299805,4212.399902,4233.600098
2011-11-18,4305.899902,4306.700195,4242.299805,4246.700195
2011-11-17,4312.399902,4341.299805,4293.399902,4324.100098
2011-11-16,4356.5,4372.200195,4313.799805,4313.799805
2011-11-15,4364.600098,4366.399902,4342.100098,4351.5
2011-11-14,4371.299805,4423.899902,4369.100098,4369.100098
2011-11-11,4308.5,4358.600098,4308.5,4358.600098
2011-11-10,4369.799805,4369.799805,4270.299805,4307.299805
2011-11-09,4372.299805,4424.0,4372.299805,4406.200195
2011-11-08,4343.399902,4362.299805,4337.100098,4356.700195
2011-11-07,4343.0,4348.399902,4315.600098,4335.299805
2011-11-04,4263.5,4343.0,4263.5,4342.5
2011-11-03,4258.200195,4277.799805,4213.100098,4237.5
2011-11-02,4281.799805,4282.600098,4209.0,4251.299805
2011-11-01,4342.899902,4343.100098,4297.100098,4297.200195
2011-10-31,4407.700195,4416.600098,4360.5,4360.5
2011-10-28,4420.700195,4472.200195,4398.600098,4411.399902
2011-10-27,4305.100098,4407.5,4300.700195,4403.899902
2011-10-26,4274.299805,4314.399902,4235.100098,4300.799805
2011-10-25,4325.5,4326.299805,4273.399902,4287.700195
2011-10-24,4216.0,4322.0,4215.899902,4313.600098
2011-10-21,4207.700195,4228.299805,4193.5,4203.399902
2011-10-20,4263.5,4264.0,4199.399902,4206.799805
2011-10-19,4257.899902,4293.5,4256.100098,4274.799805
2011-10-18,4319.200195,4319.200195,4249.399902,4249.5
2011-10-17,4283.700195,4348.100098,4283.0,4337.899902
2011-10-14,4295.399902,4295.399902,4260.100098,4269.0
2011-10-13,4277.600098,4316.899902,4269.700195,4306.0
2011-10-12,4277.100098,4277.299805,4231.299805,4266.399902
2011-10-11,4275.5,4306.600098,4267.700195,4288.799805
2011-10-10,4219.899902,4277.0,4210.600098,4262.299805
2011-10-07,4144.5,4242.399902,4144.5,4225.0
2011-10-06,4007.5,4132.100098,4007.5,4132.100098
2011-10-05,3957.899902,4013.600098,3954.8000490000004,3992.5
2011-10-04,3955.399902,3965.1999509999996,3905.1999509999996,3935.600098
2011-10-03,4053.6999509999996,4054.399902,3958.0,3960.6999509999996
2011-09-30,4073.8000490000004,4094.100098,4043.8000490000004,4070.100098
2011-09-29,4081.399902,4083.1999509999996,4023.5,4067.899902
2011-09-28,4070.8000490000004,4111.799805,4069.3000490000004,4097.700195
2011-09-27,3952.1999509999996,4063.5,3950.399902,4063.5
2011-09-26,3991.1999509999996,4025.600098,3926.5,3927.600098
2011-09-23,4025.899902,4037.100098,3957.3000490000004,3978.5
2011-09-22,4128.799805,4128.899902,4034.0,4044.6999509999996
2011-09-21,4133.399902,4154.799805,4111.0,4153.600098
2011-09-20,4160.0,4164.200195,4113.399902,4124.799805
2011-09-19,4221.399902,4222.700195,4155.0,4164.100098
2011-09-16,4165.600098,4236.600098,4165.600098,4229.899902
2011-09-15,4113.0,4181.600098,4110.100098,4153.200195
2011-09-14,4161.899902,4193.100098,4083.3000490000004,4090.399902
2011-09-13,4137.5,4178.799805,4136.200195,4158.399902
2011-09-12,4254.5,4255.100098,4125.100098,4125.100098
2011-09-09,4268.0,4311.399902,4264.399902,4277.399902
2011-09-08,4274.700195,4297.899902,4243.799805,4269.799805
2011-09-07,4180.399902,4262.899902,4180.399902,4262.899902
2011-09-06,4206.700195,4206.700195,4157.299805,4160.700195
2011-09-05,4302.100098,4303.0,4218.399902,4224.200195
2011-09-02,4371.299805,4371.299805,4305.5,4321.5
2011-09-01,4371.600098,4425.399902,4371.600098,4382.700195
2011-08-31,4341.799805,4369.899902,4328.200195,4369.899902
2011-08-30,4344.5,4378.200195,4335.600098,4341.399902
2011-08-29,4279.799805,4352.600098,4279.799805,4333.700195
2011-08-26,4274.899902,4297.100098,4267.200195,4271.0
2011-08-25,4248.399902,4299.0,4248.399902,4280.5
2011-08-24,4252.100098,4304.899902,4230.200195,4235.700195
2011-08-23,4154.299805,4239.899902,4154.299805,4239.799805
2011-08-22,4169.5,4229.399902,4145.299805,4150.799805
2011-08-19,4281.799805,4283.100098,4169.700195,4171.899902
2011-08-18,4369.700195,4374.0,4313.700195,4319.399902
2011-08-17,4320.100098,4390.5,4317.5,4371.799805
2011-08-16,4349.100098,4364.799805,4309.100098,4317.299805
2011-08-15,4256.799805,4346.799805,4254.700195,4346.799805
2011-08-12,4217.899902,4280.5,4217.5,4237.899902
2011-08-11,4176.5,4229.0,4123.899902,4203.5
2011-08-10,4132.600098,4227.799805,4132.600098,4207.399902
2011-08-09,4021.6999509999996,4103.299805,3829.399902,4096.700195
2011-08-08,4144.299805,4151.700195,4053.3000490000004,4056.6999509999996
2011-08-05,4302.399902,4302.399902,4150.700195,4169.700195
2011-08-04,4412.799805,4433.200195,4352.5,4352.899902
2011-08-03,4484.5,4484.5,4404.200195,4408.299805
2011-08-02,4556.5,4556.700195,4506.899902,4510.299805
2011-08-01,4515.0,4589.600098,4514.100098,4573.100098
2011-07-29,4541.700195,4543.600098,4496.700195,4500.5
2011-07-28,4594.799805,4595.0,4539.100098,4539.200195
2011-07-27,4638.700195,4643.200195,4611.799805,4612.600098
2011-07-26,4609.200195,4653.5,4609.100098,4646.299805
2011-07-25,4667.399902,4667.5,4603.299805,4603.799805
2011-07-22,4634.899902,4681.0,4634.899902,4674.100098
2011-07-21,4620.0,4644.700195,4620.0,4626.200195
2011-07-20,4555.5,4618.399902,4554.799805,4618.399902
2011-07-19,4530.5,4550.700195,4515.299805,4539.399902
2011-07-18,4542.299805,4544.899902,4520.100098,4539.899902
2011-07-15,4547.299805,4555.200195,4525.100098,4542.700195
2011-07-14,4583.700195,4583.700195,4537.899902,4561.299805
2011-07-13,4567.100098,4595.700195,4556.0,4583.200195
2011-07-12,4636.299805,4636.299805,4560.5,4563.5
2011-07-11,4703.899902,4703.899902,4644.700195,4646.799805
2011-07-08,4675.100098,4717.5,4675.0,4716.0
2011-07-07,4660.700195,4676.799805,4645.600098,4666.100098
2011-07-06,4659.899902,4671.399902,4640.600098,4663.600098
2011-07-05,4676.899902,4686.5,4652.200195,4656.899902
2011-07-04,4658.600098,4695.799805,4658.600098,4670.399902
2011-07-01,4664.0,4675.799805,4634.399902,4647.899902
2011-06-30,4586.5,4660.600098,4586.399902,4659.799805
2011-06-29,4538.200195,4582.299805,4538.200195,4579.799805
2011-06-28,4527.399902,4553.5,4513.299805,4523.200195
2011-06-27,4559.299805,4559.5,4508.0,4513.799805
2011-06-24,4562.600098,4576.799805,4549.100098,4565.0
2011-06-23,4585.600098,4599.399902,4560.5,4561.399902
2011-06-22,4579.299805,4622.0,4579.100098,4590.799805
2011-06-21,4524.600098,4565.700195,4523.799805,4565.200195
2011-06-20,4553.399902,4583.600098,4512.5,4512.5
2011-06-17,4553.399902,4589.600098,4532.899902,4551.100098
2011-06-16,4617.700195,4619.100098,4546.700195,4546.700195
2011-06-15,4650.700195,4656.700195,4624.899902,4635.399902
2011-06-14,4623.799805,4657.299805,4582.299805,4651.100098
2011-06-10,4628.700195,4660.5,4625.399902,4634.899902
2011-06-09,4607.0,4629.0,4592.799805,4621.700195
2011-06-08,4646.200195,4648.799805,4591.799805,4608.700195
2011-06-07,4641.100098,4648.700195,4609.5,4641.100098
2011-06-06,4661.5,4661.5,4635.799805,4648.700195
2011-06-03,4685.0,4696.100098,4661.799805,4666.600098
2011-06-02,4769.399902,4770.0,4675.100098,4683.200195
2011-06-01,4791.600098,4804.100098,4776.5,4788.600098
2011-05-31,4750.5,4796.0,4749.700195,4788.899902
2011-05-30,4760.899902,4761.399902,4739.600098,4746.100098
2011-05-27,4734.799805,4764.200195,4727.200195,4760.299805
2011-05-26,4676.100098,4735.100098,4675.5,4735.100098
2011-05-25,4712.100098,4713.200195,4661.100098,4661.600098
2011-05-24,4718.299805,4720.0,4676.200195,4708.299805
2011-05-23,4797.700195,4797.700195,4722.899902,4722.899902
2011-05-20,4818.299805,4818.5,4802.899902,4807.700195
2011-05-19,4775.899902,4833.899902,4775.899902,4828.200195
2011-05-18,4750.100098,4774.600098,4747.299805,4765.299805
2011-05-17,4731.100098,4753.799805,4721.399902,4753.0
2011-05-16,4770.100098,4770.700195,4718.100098,4724.200195
2011-05-13,4779.100098,4792.5,4754.700195,4787.299805
2011-05-12,4836.100098,4836.200195,4776.600098,4776.600098
2011-05-11,4816.399902,4861.200195,4816.399902,4858.200195
2011-05-10,4835.5,4857.600098,4803.600098,4803.600098
2011-05-09,4824.700195,4867.899902,4824.700195,4831.700195
2011-05-06,4810.700195,4832.600098,4786.799805,4816.100098
2011-05-05,4810.0,4831.0,4790.0,4828.899902
2011-05-04,4850.100098,4850.200195,4805.0,4813.799805
2011-05-03,4883.5,4883.5,4840.5,4854.700195
2011-05-02,4901.399902,4909.899902,4838.100098,4896.200195
2011-04-29,4954.100098,4954.100098,4872.700195,4899.0
2011-04-28,4958.799805,4990.899902,4951.299805,4952.299805
2011-04-27,5001.100098,5012.299805,4951.299805,4954.0
2011-04-21,4951.5,4996.5,4950.5,4995.700195
2011-04-20,4882.5,4940.200195,4882.5,4940.200195
2011-04-19,4930.200195,4930.200195,4869.299805,4874.299805
2011-04-18,4939.799805,4965.600098,4927.5,4945.399902
2011-04-15,4969.5,4976.5,4939.299805,4939.299805
2011-04-14,4988.399902,4989.299805,4948.899902,4972.399902
2011-04-13,4979.5,5005.799805,4964.299805,4999.600098
2011-04-12,5055.899902,5058.899902,4982.799805,4990.200195
2011-04-11,5039.100098,5069.5,5036.799805,5064.899902
2011-04-08,5002.299805,5037.100098,5000.600098,5036.5
2011-04-07,5013.0,5022.799805,4998.299805,5005.5
2011-04-06,4997.799805,5011.700195,4988.899902,5011.399902
2011-04-05,4989.799805,5004.100098,4989.799805,4998.600098
2011-04-04,4961.200195,4997.899902,4961.200195,4984.700195
2011-04-01,4927.899902,4969.600098,4927.899902,4954.600098
2011-03-31,4918.600098,4935.5,4903.600098,4928.600098
2011-03-30,4857.799805,4928.5,4857.799805,4912.700195
2011-03-29,4828.899902,4852.100098,4818.200195,4851.200195
2011-03-28,4832.600098,4841.399902,4822.299805,4831.899902
2011-03-25,4799.600098,4858.799805,4799.600098,4840.299805
2011-03-24,4753.5,4794.200195,4753.5,4794.200195
2011-03-23,4735.600098,4760.5,4732.700195,4746.5
2011-03-22,4739.600098,4769.799805,4731.799805,4737.700195
2011-03-21,4715.100098,4734.100098,4699.100098,4734.100098
2011-03-18,4652.600098,4722.299805,4651.799805,4715.799805
2011-03-17,4633.0,4642.799805,4559.200195,4638.399902
2011-03-16,4612.5,4664.399902,4609.299805,4644.0
2011-03-15,4707.5,4708.899902,4563.799805,4609.899902
2011-03-14,4724.899902,4724.899902,4650.799805,4710.100098
2011-03-11,4778.700195,4779.399902,4721.399902,4734.799805
2011-03-10,4858.0,4867.200195,4790.200195,4791.299805
2011-03-09,4901.5,4904.100098,4854.899902,4863.200195
2011-03-08,4893.5,4907.600098,4871.399902,4902.5
2011-03-07,4946.799805,4948.299805,4891.799805,4895.899902
2011-03-04,4916.0,4958.600098,4915.799805,4958.600098
2011-03-03,4901.0,4909.299805,4888.100098,4902.799805
2011-03-02,4912.799805,4913.0,4876.600098,4898.299805
2011-03-01,4930.899902,4948.0,4920.399902,4920.399902
2011-02-28,4927.899902,4930.5,4908.5,4923.600098
2011-02-25,4896.299805,4933.399902,4889.899902,4924.899902
2011-02-24,4929.799805,4930.399902,4896.700195,4901.100098
2011-02-23,4939.799805,4943.299805,4921.299805,4935.600098
2011-02-22,5002.899902,5006.399902,4945.299805,4947.299805
2011-02-21,5014.700195,5015.5,4973.5,4990.899902
2011-02-18,5018.200195,5028.0,5015.200195,5026.100098
2011-02-17,5022.100098,5032.200195,5021.0,5026.0
2011-02-16,5013.200195,5027.0,5007.5,5018.600098
2011-02-15,5023.899902,5026.799805,5008.399902,5019.399902
2011-02-14,4980.100098,5025.200195,4975.5,5023.399902
2011-02-11,4997.200195,4997.200195,4970.600098,4970.600098
2011-02-10,4992.600098,5002.600098,4992.5,5001.700195
2011-02-09,4991.5,5020.799805,4990.899902,4995.100098
2011-02-08,4971.0,4985.600098,4968.600098,4983.100098
2011-02-07,4956.700195,4966.100098,4955.799805,4964.299805
2011-02-04,4924.200195,4965.600098,4923.5,4958.799805
2011-02-03,4903.299805,4922.100098,4892.5,4919.299805
2011-02-02,4866.899902,4907.899902,4866.899902,4897.899902
2011-02-01,4854.299805,4864.399902,4849.700195,4852.0
2011-01-31,4857.600098,4857.600098,4816.100098,4850.0
2011-01-28,4904.799805,4905.0,4854.899902,4872.5
2011-01-27,4912.899902,4916.0,4899.200195,4907.0
2011-01-25,4891.100098,4925.0,4891.100098,4909.0
2011-01-24,4860.799805,4893.399902,4857.299805,4888.100098
2011-01-21,4886.399902,4901.100098,4847.100098,4860.899902
2011-01-20,4933.200195,4933.600098,4889.399902,4892.0
2011-01-19,4914.100098,4948.299805,4901.200195,4944.200195
2011-01-18,4872.0,4916.600098,4870.799805,4911.600098
2011-01-17,4909.799805,4913.5,4864.799805,4872.600098
2011-01-14,4896.399902,4909.299805,4891.299805,4908.600098
2011-01-13,4843.0,4901.5,4842.799805,4901.5
2011-01-12,4822.100098,4831.899902,4815.5,4831.899902
2011-01-11,4816.0,4818.0,4798.799805,4814.899902
2011-01-10,4809.5,4820.700195,4794.600098,4818.700195
2011-01-07,4824.399902,4825.399902,4798.899902,4812.0
2011-01-06,4823.200195,4836.299805,4803.700195,4831.100098
2011-01-05,4846.100098,4854.399902,4811.200195,4820.899902
2011-01-04,4858.5,4875.700195,4836.200195,4849.5
2010-12-31,4884.399902,4885.100098,4846.899902,4846.899902
2010-12-30,4874.0,4895.100098,4873.299805,4886.700195
2010-12-29,4861.100098,4877.299805,4850.899902,4871.600098
2010-12-24,4882.399902,4886.700195,4859.100098,4868.299805
2010-12-23,4870.700195,4899.299805,4869.5,4888.200195
2010-12-22,4866.299805,4876.799805,4859.899902,4869.600098
2010-12-21,4834.299805,4872.100098,4833.899902,4862.5
2010-12-20,4853.799805,4868.600098,4829.200195,4829.200195
2010-12-17,4868.5,4868.5,4853.0,4853.0
2010-12-16,4850.700195,4869.0,4840.5,4868.799805
2010-12-15,4851.0,4864.600098,4842.899902,4853.399902
2010-12-14,4844.5,4857.399902,4842.299805,4850.899902
2010-12-13,4833.899902,4858.899902,4833.399902,4841.200195
2010-12-10,4826.100098,4834.700195,4819.0,4830.0
2010-12-09,4794.0,4832.899902,4793.5,4827.5
2010-12-08,4815.600098,4815.600098,4787.5,4791.700195
2010-12-07,4782.5,4825.5,4781.600098,4816.0
2010-12-06,4782.299805,4794.200195,4778.100098,4779.399902
2010-12-03,4772.600098,4801.100098,4769.700195,4780.100098
2010-12-02,4693.0,4770.799805,4692.600098,4761.799805
2010-12-01,4673.700195,4678.399902,4649.100098,4676.799805
2010-11-30,4705.0,4705.0,4675.5,4676.399902
2010-11-29,4686.700195,4710.5,4649.299805,4706.700195
2010-11-26,4688.200195,4706.600098,4685.600098,4690.200195
2010-11-25,4682.799805,4695.200195,4673.399902,4683.299805
2010-11-24,4669.799805,4673.200195,4638.299805,4673.200195
2010-11-23,4727.5,4728.5,4675.0,4676.899902
2010-11-22,4726.399902,4758.700195,4725.5,4731.799805
2010-11-19,4732.0,4758.299805,4704.0,4717.700195
2010-11-18,4705.600098,4725.700195,4694.600098,4722.799805
2010-11-17,4762.299805,4762.299805,4703.399902,4705.100098
2010-11-16,4781.399902,4792.799805,4755.399902,4782.799805
2010-11-15,4780.0,4797.299805,4767.200195,4773.299805
2010-11-12,4810.200195,4815.700195,4767.899902,4778.799805
2010-11-11,4784.899902,4819.700195,4783.600098,4810.299805
2010-11-10,4820.700195,4831.399902,4767.399902,4779.5
2010-11-09,4848.700195,4852.0,4812.399902,4820.799805
2010-11-08,4874.5,4885.0,4852.0,4855.299805
2010-11-05,4839.5,4885.700195,4838.799805,4872.899902
2010-11-04,4788.899902,4826.5,4788.100098,4817.5
2010-11-03,4776.700195,4804.100098,4774.799805,4793.799805
2010-11-02,4768.700195,4777.299805,4751.899902,4773.200195
2010-11-01,4737.100098,4776.299805,4736.5,4770.899902
2010-10-29,4757.100098,4761.200195,4726.5,4733.399902
2010-10-28,4728.0,4766.600098,4727.399902,4752.799805
2010-10-27,4759.100098,4770.600098,4713.799805,4720.5
2010-10-26,4780.399902,4783.100098,4758.299805,4761.5
2010-10-25,4716.5,4794.5,4713.899902,4780.600098
2010-10-22,4700.399902,4719.600098,4695.700195,4719.600098
2010-10-21,4705.399902,4730.899902,4694.799805,4696.399902
2010-10-20,4714.399902,4714.399902,4652.700195,4694.5
2010-10-19,4729.5,4751.899902,4727.299805,4727.299805
2010-10-18,4758.299805,4758.299805,4711.200195,4723.399902
2010-10-15,4759.100098,4763.899902,4730.899902,4758.200195
2010-10-14,4705.5,4767.799805,4705.5,4765.899902
2010-10-13,4693.899902,4724.399902,4689.899902,4691.100098
2010-10-12,4756.5,4756.600098,4686.0,4686.299805
2010-10-11,4745.600098,4773.5,4745.600098,4762.100098
2010-10-08,4740.299805,4746.399902,4724.100098,4740.5
2010-10-07,4740.5,4750.399902,4721.200195,4746.200195
2010-10-06,4673.5,4744.299805,4673.5,4738.0
2010-10-05,4667.5,4672.299805,4615.0,4660.600098
2010-10-04,4641.700195,4694.600098,4641.5,4678.399902
2010-10-01,4645.5,4667.600098,4616.200195,4634.700195
2010-09-30,4694.5,4698.0,4636.899902,4636.899902
2010-09-29,4722.700195,4743.299805,4693.0,4694.0
2010-09-28,4717.899902,4728.5,4705.299805,4717.0
2010-09-27,4667.399902,4726.899902,4667.100098,4722.200195
2010-09-24,4669.899902,4669.899902,4635.299805,4651.5
2010-09-23,4672.200195,4680.899902,4659.600098,4680.0
2010-09-22,4664.600098,4688.100098,4664.600098,4674.700195
2010-09-21,4684.399902,4710.0,4664.899902,4664.899902
2010-09-20,4680.100098,4680.100098,4653.399902,4677.100098
2010-09-17,4657.700195,4692.5,4657.700195,4685.100098
2010-09-16,4703.0,4707.700195,4648.899902,4650.0
2010-09-15,4670.100098,4710.5,4669.899902,4702.700195
2010-09-14,4661.399902,4688.899902,4661.100098,4669.100098
2010-09-13,4613.299805,4660.899902,4612.700195,4654.200195
2010-09-10,4622.0,4635.100098,4600.5,4600.700195
2010-09-09,4581.200195,4631.200195,4580.899902,4621.299805
2010-09-08,4601.799805,4607.200195,4574.600098,4578.299805
2010-09-07,4611.299805,4629.700195,4596.899902,4613.0
2010-09-06,4583.399902,4615.700195,4583.100098,4615.700195
2010-09-03,4567.100098,4589.100098,4565.100098,4577.600098
2010-09-02,4542.399902,4583.200195,4542.399902,4563.0
2010-09-01,4447.0,4531.200195,4447.0,4526.799805
2010-08-31,4470.799805,4473.299805,4438.200195,4438.799805
2010-08-30,4414.200195,4486.100098,4412.799805,4483.100098
2010-08-27,4382.5,4411.0,4366.399902,4404.100098
2010-08-26,4361.0,4389.399902,4356.5,4389.399902
2010-08-25,4407.5,4407.5,4350.799805,4356.600098
2010-08-24,4454.600098,4454.600098,4415.600098,4418.399902
2010-08-23,4463.899902,4470.700195,4449.899902,4460.5
2010-08-20,4498.5,4499.299805,4442.799805,4462.100098
2010-08-19,4497.700195,4509.600098,4487.5,4509.600098
2010-08-18,4489.700195,4523.700195,4488.700195,4503.899902
2010-08-17,4465.200195,4510.899902,4453.799805,4503.200195
2010-08-16,4470.700195,4476.299805,4430.399902,4465.399902
2010-08-13,4423.600098,4480.899902,4416.600098,4480.899902
2010-08-12,4462.399902,4462.399902,4405.5,4422.399902
2010-08-11,4554.799805,4555.5,4479.600098,4479.600098
2010-08-10,4613.5,4617.600098,4561.200195,4563.0
2010-08-09,4580.700195,4618.799805,4561.200195,4615.600098
2010-08-06,4582.899902,4586.299805,4566.899902,4586.299805
2010-08-05,4567.0,4596.600098,4566.700195,4584.899902
2010-08-04,4583.799805,4583.899902,4559.200195,4559.700195
2010-08-03,4568.700195,4597.5,4568.399902,4586.5
2010-08-02,4508.899902,4554.399902,4508.299805,4554.399902
2010-07-30,4531.200195,4531.899902,4494.899902,4507.399902
2010-07-29,4541.100098,4542.700195,4517.600098,4536.200195
2010-07-28,4514.299805,4542.399902,4502.799805,4542.100098
2010-07-27,4507.399902,4536.799805,4504.299805,4513.899902
2010-07-26,4482.799805,4519.200195,4482.700195,4504.399902
2010-07-23,4412.200195,4489.200195,4411.899902,4475.100098
2010-07-22,4426.299805,4430.799805,4394.799805,4394.799805
2010-07-21,4430.200195,4449.799805,4418.299805,4428.700195
2010-07-20,4377.5,4428.100098,4376.200195,4418.700195
2010-07-19,4420.299805,4420.299805,4360.5,4372.700195
2010-07-16,4457.399902,4470.399902,4428.5,4437.0
2010-07-15,4472.5,4478.5,4443.799805,4456.700195
2010-07-14,4418.100098,4477.299805,4417.200195,4477.299805
2010-07-13,4423.600098,4446.5,4400.0,4400.0
2010-07-12,4415.200195,4439.799805,4407.799805,4429.5
2010-07-09,4376.799805,4415.200195,4370.100098,4414.5
2010-07-08,4298.200195,4374.100098,4298.200195,4374.100098
2010-07-07,4303.0,4312.399902,4259.299805,4277.799805
2010-07-06,4244.5,4299.700195,4213.0,4299.700195
2010-07-05,4266.0,4285.600098,4245.200195,4250.600098
2010-07-02,4273.100098,4303.899902,4249.399902,4264.899902
2010-07-01,4309.899902,4310.899902,4240.0,4262.700195
2010-06-30,4346.600098,4346.700195,4273.200195,4324.799805
2010-06-29,4406.799805,4432.600098,4368.5,4370.600098
2010-06-28,4445.100098,4458.0,4394.5,4409.700195
2010-06-25,4493.0,4493.0,4436.0,4439.399902
2010-06-24,4524.200195,4541.799805,4503.299805,4504.100098
2010-06-23,4567.899902,4568.700195,4509.399902,4509.399902
2010-06-22,4624.799805,4624.799805,4579.899902,4581.299805
2010-06-21,4588.5,4641.299805,4587.600098,4632.700195
2010-06-18,4546.600098,4581.799805,4545.700195,4574.100098
2010-06-17,4570.0,4578.0,4535.0,4547.0
2010-06-15,4516.799805,4528.200195,4503.0,4517.600098
2010-06-11,4467.600098,4517.700195,4467.600098,4516.5
2010-06-10,4402.899902,4459.0,4402.899902,4448.399902
2010-06-09,4405.799805,4409.200195,4374.100098,4402.600098
2010-06-08,4348.399902,4404.399902,4347.600098,4401.200195
2010-06-07,4438.5,4438.5,4326.299805,4350.700195
2010-06-04,4493.200195,4493.200195,4455.0,4472.399902
2010-06-03,4424.0,4507.799805,4423.799805,4506.299805
2010-06-02,4428.100098,4450.200195,4397.200195,4403.700195
2010-06-01,4454.200195,4454.200195,4410.799805,4436.700195
2010-05-31,4470.399902,4473.799805,4448.600098,4453.600098
2010-05-28,4415.299805,4479.700195,4415.299805,4479.0
2010-05-27,4335.700195,4399.100098,4315.600098,4399.100098
2010-05-26,4312.799805,4383.100098,4312.799805,4330.399902
2010-05-25,4395.299805,4395.299805,4286.299805,4286.299805
2010-05-24,4338.399902,4412.799805,4323.600098,4412.799805
2010-05-21,4314.700195,4326.700195,4194.399902,4325.799805
2010-05-20,4417.600098,4428.5,4342.399902,4342.399902
2010-05-19,4487.200195,4489.0,4414.299805,4414.299805
2010-05-18,4511.399902,4534.100098,4477.899902,4500.0
2010-05-17,4622.0,4622.0,4500.700195,4500.700195
2010-05-14,4667.799805,4668.100098,4628.0,4643.0
2010-05-13,4614.299805,4679.5,4613.799805,4679.5
2010-05-12,4579.700195,4637.899902,4579.5,4599.700195
2010-05-11,4630.299805,4654.399902,4573.200195,4573.200195
2010-05-10,4521.200195,4622.200195,4521.200195,4622.200195
2010-05-07,4569.299805,4573.100098,4450.200195,4507.399902
2010-05-06,4674.899902,4674.899902,4596.200195,4598.600098
2010-05-05,4730.899902,4730.899902,4651.0,4692.0
2010-05-04,4802.100098,4824.799805,4753.200195,4753.299805
2010-05-03,4812.5,4812.5,4778.299805,4807.100098
2010-04-30,4823.100098,4851.200195,4820.700195,4833.899902
2010-04-29,4850.100098,4851.200195,4813.100098,4816.100098
2010-04-28,4885.799805,4887.600098,4817.299805,4854.200195
2010-04-27,4918.5,4943.899902,4907.299805,4913.299805
2010-04-23,4933.899902,4933.899902,4908.600098,4913.5
2010-04-22,4970.600098,4970.600098,4918.399902,4936.799805
2010-04-21,4951.299805,4994.200195,4950.799805,4980.5
2010-04-20,4938.299805,4969.600098,4938.299805,4949.5
2010-04-19,4990.200195,4990.200195,4934.0,4939.399902
2010-04-16,5022.299805,5023.899902,4997.200195,5007.299805
2010-04-15,5025.600098,5048.600098,5023.600098,5024.100098
2010-04-14,4984.299805,5020.399902,4983.799805,5017.899902
2010-04-13,5006.600098,5006.600098,4972.200195,4978.399902
2010-04-12,4981.200195,5012.700195,4981.200195,5011.600098
2010-04-09,4965.299805,4981.5,4965.100098,4972.899902
2010-04-08,4969.200195,4969.799805,4954.100098,4960.299805
2010-04-07,4974.600098,4991.600098,4974.600098,4983.200195
2010-04-06,4941.600098,4975.600098,4941.600098,4974.100098
2010-04-01,4897.0,4925.899902,4896.600098,4925.899902
2010-03-31,4922.399902,4940.899902,4893.100098,4893.100098
2010-03-30,4916.799805,4932.5,4915.0,4926.799805
2010-03-29,4910.0,4920.299805,4899.799805,4907.200195
2010-03-26,4890.5,4905.200195,4848.299805,4905.200195
2010-03-25,4895.700195,4901.299805,4883.299805,4896.299805
2010-03-24,4897.100098,4921.299805,4897.100098,4903.200195
2010-03-23,4855.5,4894.799805,4854.899902,4887.899902
2010-03-22,4877.200195,4877.299805,4845.0,4847.5
2010-03-19,4877.100098,4892.200195,4871.299805,4890.100098
2010-03-18,4873.600098,4888.100098,4862.799805,4877.700195
2010-03-17,4817.200195,4866.899902,4817.200195,4866.899902
2010-03-16,4800.600098,4819.200195,4794.100098,4809.100098
2010-03-15,4834.0,4849.200195,4799.0,4799.399902
2010-03-12,4825.899902,4847.0,4825.0,4831.5
2010-03-11,4831.200195,4850.799805,4818.700195,4825.5
2010-03-10,4828.100098,4845.299805,4815.100098,4829.799805
2010-03-09,4818.0,4836.100098,4801.700195,4829.299805
2010-03-08,4791.600098,4836.0,4791.600098,4819.600098
2010-03-05,4760.399902,4786.200195,4758.600098,4773.399902
2010-03-04,4750.399902,4758.899902,4733.600098,4757.600098
2010-03-03,4715.799805,4752.5,4714.399902,4743.799805
2010-03-02,4701.899902,4724.100098,4693.899902,4709.899902
2010-03-01,4647.0,4694.899902,4647.0,4694.899902
2010-02-26,4626.0,4651.100098,4612.799805,4651.100098
2010-02-25,4672.799805,4706.100098,4612.0,4614.899902
2010-02-24,4717.0,4717.0,4659.0,4666.0
2010-02-23,4722.399902,4731.0,4703.0,4731.0
2010-02-22,4673.399902,4732.700195,4673.399902,4732.700195
2010-02-19,4680.399902,4691.100098,4632.899902,4656.299805
2010-02-18,4691.399902,4692.600098,4655.399902,4673.899902
2010-02-17,4607.5,4690.600098,4606.899902,4686.799805
2010-02-16,4575.0,4619.600098,4575.0,4590.799805
2010-02-15,4585.799805,4593.100098,4564.0,4570.399902
2010-02-12,4587.0,4616.399902,4570.799805,4588.799805
2010-02-11,4531.799805,4584.5,4531.0,4575.799805
2010-02-10,4546.399902,4587.299805,4519.600098,4533.0
2010-02-09,4531.5,4531.700195,4483.299805,4520.700195
2010-02-08,4539.399902,4567.5,4534.700195,4538.799805
2010-02-05,4607.600098,4610.5,4508.299805,4532.5
2010-02-04,4665.100098,4666.399902,4623.899902,4644.100098
2010-02-03,4651.600098,4682.600098,4646.5,4673.200195
2010-02-02,4568.200195,4628.799805,4566.700195,4628.799805
2010-02-01,4596.200195,4609.100098,4544.700195,4544.799805
2010-01-29,4683.0,4683.299805,4592.899902,4596.899902
2010-01-28,4677.0,4699.200195,4667.899902,4697.700195
2010-01-27,4732.899902,4734.200195,4655.399902,4670.0
2010-01-25,4749.899902,4750.5,4702.600098,4743.100098
2010-01-22,4819.600098,4819.600098,4740.700195,4771.899902
2010-01-21,4882.600098,4883.0,4845.100098,4849.600098
2010-01-20,4901.799805,4932.700195,4893.399902,4895.100098
2010-01-19,4939.299805,4953.200195,4889.600098,4889.600098
2010-01-18,4921.299805,4941.600098,4896.299805,4936.100098
2010-01-15,4928.299805,4938.700195,4893.200195,4929.5
2010-01-14,4906.700195,4949.899902,4906.0,4929.399902
2010-01-13,4919.600098,4920.299805,4885.100098,4900.100098
2010-01-12,4970.799805,4972.0,4926.100098,4931.600098
2010-01-11,4950.700195,4984.0,4950.5,4981.200195
2010-01-08,4931.399902,4964.200195,4931.299805,4942.200195
2010-01-07,4948.200195,4963.600098,4929.700195,4930.5
2010-01-06,4943.700195,4954.600098,4935.600098,4946.799805
2010-01-05,4899.799805,4944.799805,4899.799805,4939.5
2010-01-04,4877.700195,4901.100098,4876.299805,4889.799805
